jogador,posicao,clube,nacionalidade,temporada,partidas,gols,assistencias,participacao_gols,suspensoes_amarelo,cartoes_amarelos,segundo_amarelo,cartoes_vermelhos,expulsoes,pontos_disciplinares,cartoes_por_partida
Alejo Cruz,Left Winger,Atlético Clube Goianiense,Uruguay,2023,24,2,2,4,0.0,4.0,0.0,0.0,0.0,4,0.11
Baralhas,Defensive Midfield,Atlético Clube Goianiense,Brazil,2023,26,1,3,4,1.0,9.0,0.0,0.0,0.0,9,0.27
Derek,Centre-Forward,Atlético Clube Goianiense,Brazil,2023,27,3,1,4,0.0,1.0,0.0,1.0,1.0,6,0.08
Guilherme Romão,Left-Back,Atlético Clube Goianiense,Brazil,2023,27,1,3,4,1.0,6.0,0.0,1.0,1.0,11,0.22
Jan Hurtado,Centre-Forward,Atlético Clube Goianiense,Venezuela,2023,24,2,0,2,0.0,2.0,0.0,1.0,1.0,7,0.16
Janderson,Right Winger,Atlético Clube Goianiense,Brazil,2023,25,2,0,2,0.0,4.0,0.0,1.0,1.0,9,0.25
Joel Campbell,Second Striker,Atlético Clube Goianiense,Costa Rica,2023,32,2,0,2,0.0,3.0,0.0,0.0,0.0,3,0.3
Jorginho,Attacking Midfield,Atlético Clube Goianiense,Brazil,2023,33,0,1,1,0.0,1.0,0.0,0.0,0.0,1,0.33
Lucas Kal,Central Midfield,Atlético Clube Goianiense,Brazil,2023,28,0,1,1,0.0,1.0,0.0,0.0,0.0,1,0.06
Luiz Felipe,Centre-Back,Atlético Clube Goianiense,Brazil,2023,31,1,0,1,0.0,4.0,0.0,1.0,1.0,9,0.31
Luiz Fernando,Left Winger,Atlético Clube Goianiense,Brazil,2023,28,8,0,8,1.0,8.0,1.0,0.0,1.0,11,0.29
Maguinho,Right-Back,Atlético Clube Goianiense,Brazil,2023,32,0,1,1,0.0,4.0,0.0,1.0,1.0,9,0.21
Mateo Zuleta,Left Winger,Atlético Clube Goianiense,Colombia,2023,22,1,0,1,0.0,1.0,0.0,0.0,0.0,1,0.25
Rhaldney,Central Midfield,Atlético Clube Goianiense,Brazil,2023,26,0,1,1,2.0,10.0,0.0,0.0,0.0,10,0.31
Ronaldo,Goalkeeper,Atlético Clube Goianiense,Brazil,2023,28,0,1,1,0.0,3.0,0.0,1.0,1.0,8,0.13
Roni,Defensive Midfield,Atlético Clube Goianiense,Brazil,2023,25,1,0,1,1.0,5.0,0.0,0.0,0.0,5,0.23
Shaylon,Attacking Midfield,Atlético Clube Goianiense,Brazil,2023,27,2,2,4,0.0,3.0,0.0,0.0,0.0,3,0.09
Vágner Love,Centre-Forward,Atlético Clube Goianiense,Brazil,2023,40,1,0,1,0.0,1.0,0.0,0.0,0.0,1,0.17
Alex Telles,Left-Back,Botafogo de Futebol e Regatas,Brazil,2023,31,0,1,1,0.0,1.0,0.0,0.0,0.0,1,0.09
Alexander Barboza,Centre-Back,Botafogo de Futebol e Regatas,Uruguay,2023,29,0,1,1,1.0,9.0,1.0,1.0,2.0,17,0.42
Allan,Defensive Midfield,Botafogo de Futebol e Regatas,Brazil,2023,33,0,1,1,0.0,2.0,0.0,0.0,0.0,2,0.18
Bastos,Centre-Back,Botafogo de Futebol e Regatas,Angola,2023,33,3,0,3,1.0,6.0,0.0,0.0,0.0,6,0.19
Damián Suárez,Right-Back,Botafogo de Futebol e Regatas,Uruguay,2023,36,0,1,1,1.0,5.0,0.0,0.0,0.0,5,0.29
Danilo Barbosa,Defensive Midfield,Botafogo de Futebol e Regatas,Brazil,2023,28,3,1,4,0.0,4.0,0.0,0.0,0.0,4,0.16
Diego Hernández,Left Winger,Botafogo de Futebol e Regatas,Uruguay,2023,24,0,2,2,0.0,3.0,0.0,0.0,0.0,3,0.3
Eduardo,Attacking Midfield,Botafogo de Futebol e Regatas,Brazil,2023,35,2,1,3,0.0,1.0,0.0,0.0,0.0,1,0.06
Gregore,Defensive Midfield,Botafogo de Futebol e Regatas,Brazil,2023,30,3,2,5,1.0,8.0,0.0,0.0,0.0,8,0.24
Igor Jesus,Centre-Forward,Botafogo de Futebol e Regatas,Brazil,2023,23,5,3,8,0.0,2.0,0.0,0.0,0.0,2,0.09
Jefferson Savarino,Attacking Midfield,Botafogo de Futebol e Regatas,Venezuela,2023,28,8,7,15,0.0,3.0,0.0,0.0,0.0,3,0.11
Jeffinho,Left Winger,Botafogo de Futebol e Regatas,Brazil,2023,24,1,1,2,0.0,2.0,0.0,0.0,0.0,2,0.29
Júnior Santos,Right Winger,Botafogo de Futebol e Regatas,Brazil,2023,30,4,1,5,0.0,2.0,0.0,0.0,0.0,2,0.08
Lucas Halter,Centre-Back,Botafogo de Futebol e Regatas,Brazil,2023,24,1,0,1,0.0,4.0,0.0,0.0,0.0,4,0.24
Luiz Henrique,Right Winger,Botafogo de Futebol e Regatas,Brazil,2023,23,7,3,10,0.0,3.0,0.0,1.0,1.0,8,0.11
Marlon Freitas,Defensive Midfield,Botafogo de Futebol e Regatas,Brazil,2023,29,0,5,5,1.0,6.0,0.0,0.0,0.0,6,0.19
Marçal,Left-Back,Botafogo de Futebol e Regatas,Brazil,2023,35,1,0,1,1.0,5.0,0.0,0.0,0.0,5,0.31
Mateo Ponte,Right-Back,Botafogo de Futebol e Regatas,Uruguay,2023,21,3,0,3,0.0,4.0,0.0,0.0,0.0,4,0.24
Thiago Almada,Attacking Midfield,Botafogo de Futebol e Regatas,Argentina,2023,23,1,2,3,0.0,1.0,0.0,0.0,0.0,1,0.06
Tiquinho Soares,Centre-Forward,Botafogo de Futebol e Regatas,Brazil,2023,33,5,3,8,0.0,4.0,0.0,1.0,1.0,9,0.18
Óscar Romero,Attacking Midfield,Botafogo de Futebol e Regatas,Paraguay,2023,32,1,4,5,1.0,5.0,0.0,0.0,0.0,5,0.26
Alex Sandro,Left-Back,CR Flamengo,Brazil,2023,33,0,1,1,0.0,1.0,0.0,0.0,0.0,1,0.13
Ayrton Lucas,Left-Back,CR Flamengo,Brazil,2023,27,3,3,6,0.0,3.0,0.0,0.0,0.0,3,0.09
Bruno Henrique,Centre-Forward,CR Flamengo,Brazil,2023,33,6,1,7,1.0,6.0,0.0,0.0,0.0,6,0.21
Carlinhos,Centre-Forward,CR Flamengo,Brazil,2023,27,2,0,2,0.0,2.0,0.0,1.0,1.0,7,0.23
Carlos Alcaraz,Central Midfield,CR Flamengo,Argentina,2023,22,2,1,3,0.0,1.0,0.0,1.0,1.0,6,0.14
David Luiz,Centre-Back,CR Flamengo,Brazil,2023,37,3,0,3,1.0,5.0,0.0,0.0,0.0,5,0.22
Erick Pulgar,Defensive Midfield,CR Flamengo,Chile,2023,30,0,3,3,1.0,5.0,1.0,0.0,1.0,8,0.26
Everton,Left Winger,CR Flamengo,Brazil,2023,28,1,2,3,0.0,1.0,0.0,0.0,0.0,1,0.1
Evertton Araújo,Defensive Midfield,CR Flamengo,Brazil,2023,21,1,0,1,0.0,3.0,0.0,0.0,0.0,3,0.19
Fabrício Bruno,Centre-Back,CR Flamengo,Brazil,2023,28,1,0,1,1.0,6.0,0.0,0.0,0.0,6,0.21
Gabriel Barbosa,Centre-Forward,CR Flamengo,Brazil,2023,28,4,1,5,0.0,2.0,0.0,0.0,0.0,2,0.11
Gerson,Central Midfield,CR Flamengo,Brazil,2023,27,3,6,9,0.0,3.0,0.0,0.0,0.0,3,0.09
Giorgian de Arrascaeta,Attacking Midfield,CR Flamengo,Uruguay,2023,30,5,5,10,0.0,3.0,0.0,0.0,0.0,3,0.2
Gonzalo Plata,Right Winger,CR Flamengo,Ecuador,2023,24,1,0,1,0.0,1.0,0.0,0.0,0.0,1,0.09
Guillermo Varela,Right-Back,CR Flamengo,Uruguay,2023,31,1,0,1,0.0,2.0,0.0,0.0,0.0,2,0.11
Luiz Araújo,Right Winger,CR Flamengo,Brazil,2023,28,4,5,9,0.0,3.0,0.0,0.0,0.0,3,0.12
Léo Ortiz,Centre-Back,CR Flamengo,Brazil,2023,28,1,2,3,0.0,2.0,0.0,0.0,0.0,2,0.08
Matheus Gonçalves,Right Winger,CR Flamengo,Brazil,2023,19,2,0,2,0.0,1.0,0.0,0.0,0.0,1,0.07
Nicolás de la Cruz,Central Midfield,CR Flamengo,Uruguay,2023,27,2,3,5,0.0,3.0,0.0,0.0,0.0,3,0.2
Pedro,Centre-Forward,CR Flamengo,Brazil,2023,27,11,5,16,0.0,3.0,0.0,0.0,0.0,3,0.14
Wesley,Right-Back,CR Flamengo,Brazil,2023,21,0,2,2,0.0,1.0,0.0,0.0,0.0,1,0.03
Agustín Canobbio,Right Winger,Club Athletico Paranaense,Uruguay,2023,26,4,1,5,0.0,4.0,1.0,0.0,1.0,7,0.25
Bruno Zapelli,Attacking Midfield,Club Athletico Paranaense,Argentina,2023,22,0,5,5,0.0,3.0,0.0,0.0,0.0,3,0.09
Christian,Right Midfield,Club Athletico Paranaense,Brazil,2023,23,1,0,1,1.0,7.0,0.0,0.0,0.0,7,0.29
Erick,Defensive Midfield,Club Athletico Paranaense,Brazil,2023,27,3,1,4,0.0,2.0,0.0,0.0,0.0,2,0.06
Fernandinho,Defensive Midfield,Club Athletico Paranaense,Brazil,2023,39,2,3,5,1.0,8.0,0.0,0.0,0.0,8,0.32
Fernando,Left-Back,Club Athletico Paranaense,Brazil,2023,25,0,1,1,0.0,4.0,0.0,1.0,1.0,9,0.31
João Cruz,Central Midfield,Club Athletico Paranaense,Brazil,2023,18,1,2,3,0.0,2.0,0.0,0.0,0.0,2,0.11
Julimar,Left Winger,Club Athletico Paranaense,Brazil,2023,23,6,2,8,0.0,4.0,0.0,0.0,0.0,4,0.13
Kaique Rocha,Centre-Back,Club Athletico Paranaense,Brazil,2023,23,0,1,1,0.0,4.0,0.0,0.0,0.0,4,0.14
Leonardo Godoy,Right-Back,Club Athletico Paranaense,Argentina,2023,29,1,2,3,1.0,5.0,0.0,0.0,0.0,5,0.19
Lucas Belezi,Centre-Back,Club Athletico Paranaense,Brazil,2023,21,1,0,1,0.0,2.0,0.0,0.0,0.0,2,0.22
Lucas Di Yorio,Centre-Forward,Club Athletico Paranaense,Argentina,2023,28,3,0,3,0.0,1.0,0.0,0.0,0.0,1,0.05
Lucas Esquivel,Left-Back,Club Athletico Paranaense,Argentina,2023,23,0,4,4,0.0,3.0,1.0,0.0,1.0,6,0.12
Madson,Right-Back,Club Athletico Paranaense,Brazil,2023,32,0,1,1,0.0,3.0,0.0,0.0,0.0,3,0.16
Pablo,Centre-Forward,Club Athletico Paranaense,Brazil,2023,32,3,2,5,1.0,6.0,0.0,0.0,0.0,6,0.21
Thiago Heleno,Centre-Back,Club Athletico Paranaense,Brazil,2023,36,0,1,1,1.0,6.0,0.0,1.0,1.0,11,0.27
Tomás Cuello,Left Winger,Club Athletico Paranaense,Argentina,2023,24,3,5,8,0.0,3.0,0.0,0.0,0.0,3,0.09
Alisson,Right Winger,Clube Atlético Mineiro,Brazil,2023,19,1,0,1,0.0,1.0,0.0,0.0,0.0,1,0.05
Brahian Palacios,Right Winger,Clube Atlético Mineiro,Colombia,2023,22,2,3,5,0.0,4.0,0.0,0.0,0.0,4,0.21
Bruno Fuchs,Centre-Back,Clube Atlético Mineiro,Brazil,2023,25,0,1,1,1.0,7.0,1.0,0.0,1.0,10,0.31
Cadu,Centre-Forward,Clube Atlético Mineiro,Brazil,2023,20,3,0,3,0.0,1.0,0.0,0.0,0.0,1,0.05
Eduardo Vargas,Centre-Forward,Clube Atlético Mineiro,Chile,2023,35,8,2,10,0.0,1.0,0.0,0.0,0.0,1,0.04
Guilherme Arana,Left-Back,Clube Atlético Mineiro,Brazil,2023,27,1,1,2,1.0,5.0,0.0,0.0,0.0,5,0.29
Gustavo Scarpa,Attacking Midfield,Clube Atlético Mineiro,Brazil,2023,30,4,5,9,1.0,5.0,1.0,0.0,1.0,8,0.19
Hulk,Centre-Forward,Clube Atlético Mineiro,Brazil,2023,38,10,5,15,0.0,3.0,1.0,0.0,1.0,6,0.17
Igor Gomes,Attacking Midfield,Clube Atlético Mineiro,Brazil,2023,25,1,3,4,1.0,8.0,0.0,0.0,0.0,8,0.36
Júnior Alonso,Centre-Back,Clube Atlético Mineiro,Paraguay,2023,31,1,0,1,0.0,2.0,0.0,0.0,0.0,2,0.17
Matías Zaracho,Attacking Midfield,Clube Atlético Mineiro,Argentina,2023,26,2,0,2,0.0,2.0,0.0,0.0,0.0,2,0.13
Paulinho,Second Striker,Clube Atlético Mineiro,Brazil,2023,24,8,1,9,0.0,3.0,0.0,1.0,1.0,8,0.15
Rubens,Left-Back,Clube Atlético Mineiro,Brazil,2023,23,1,1,2,0.0,2.0,1.0,0.0,1.0,5,0.16
Rômulo,Centre-Back,Clube Atlético Mineiro,Brazil,2023,20,1,0,1,0.0,2.0,1.0,0.0,1.0,5,0.38
Adson,Right Winger,Clube de Regatas Vasco da Gama,Brazil,2023,23,2,1,3,0.0,2.0,0.0,0.0,0.0,2,0.1
David,Left Winger,Clube de Regatas Vasco da Gama,Brazil,2023,28,4,3,7,1.0,5.0,1.0,0.0,1.0,8,0.26
Dimitri Payet,Attacking Midfield,Clube de Regatas Vasco da Gama,France,2023,37,3,3,6,0.0,2.0,0.0,0.0,0.0,2,0.09
Emerson Rodríguez,Left Winger,Clube de Regatas Vasco da Gama,Colombia,2023,24,2,0,2,0.0,1.0,0.0,0.0,0.0,1,0.07
GB,Centre-Forward,Clube de Regatas Vasco da Gama,Brazil,2023,19,1,0,1,0.0,1.0,0.0,0.0,0.0,1,0.5
Guilherme Estrella,Attacking Midfield,Clube de Regatas Vasco da Gama,Brazil,2023,19,1,0,1,0.0,1.0,0.0,0.0,0.0,1,0.33
José Luis Rodríguez,Right-Back,Clube de Regatas Vasco da Gama,Uruguay,2023,27,1,2,3,0.0,1.0,0.0,0.0,0.0,1,0.05
João Victor,Centre-Back,Clube de Regatas Vasco da Gama,Brazil,2023,26,1,1,2,0.0,4.0,1.0,1.0,2.0,12,0.26
Juan Sforza,Defensive Midfield,Clube de Regatas Vasco da Gama,Argentina,2023,22,1,0,1,0.0,3.0,0.0,0.0,0.0,3,0.12
Leandrinho,Left-Back,Clube de Regatas Vasco da Gama,Brazil,2023,19,1,1,2,0.0,1.0,0.0,0.0,0.0,1,0.06
Lucas Piton,Left-Back,Clube de Regatas Vasco da Gama,Italy,2023,24,1,5,6,1.0,6.0,0.0,0.0,0.0,6,0.19
Léo,Centre-Back,Clube de Regatas Vasco da Gama,Brazil,2023,28,0,1,1,0.0,2.0,0.0,0.0,0.0,2,0.07
Maicon,Centre-Back,Clube de Regatas Vasco da Gama,Brazil,2023,36,1,0,1,1.0,5.0,0.0,0.0,0.0,5,0.17
Mateus Carvalho,Defensive Midfield,Clube de Regatas Vasco da Gama,Brazil,2023,22,2,2,4,1.0,9.0,0.0,1.0,1.0,14,0.31
Maxime Dominguez,Attacking Midfield,Clube de Regatas Vasco da Gama,Switzerland,2023,28,1,0,1,0.0,2.0,0.0,0.0,0.0,2,0.25
Pablo Galdames,Central Midfield,Clube de Regatas Vasco da Gama,Chile,2023,27,0,2,2,1.0,5.0,0.0,0.0,0.0,5,0.28
Pablo Vegetti,Centre-Forward,Clube de Regatas Vasco da Gama,Argentina,2023,36,12,2,14,1.0,7.0,0.0,0.0,0.0,7,0.2
Paulo Henrique,Right-Back,Clube de Regatas Vasco da Gama,Brazil,2023,28,1,0,1,1.0,6.0,0.0,0.0,0.0,6,0.17
Rayan,Right Winger,Clube de Regatas Vasco da Gama,Brazil,2023,18,1,0,1,0.0,2.0,0.0,0.0,0.0,2,0.08
Rossi,Right Winger,Clube de Regatas Vasco da Gama,Brazil,2023,31,0,1,1,0.0,3.0,0.0,0.0,0.0,3,0.27
Victor Luís,Left-Back,Clube de Regatas Vasco da Gama,Brazil,2023,31,1,1,2,0.0,3.0,0.0,1.0,1.0,8,0.4
Allano,Right Winger,Criciúma EC,Brazil,2023,29,1,2,3,1.0,6.0,2.0,0.0,2.0,12,0.33
Arthur Caíke,Left Winger,Criciúma EC,Brazil,2023,32,5,1,6,0.0,4.0,0.0,0.0,0.0,4,0.12
Claudinho,Right-Back,Criciúma EC,Brazil,2023,24,2,3,5,0.0,3.0,0.0,1.0,1.0,8,0.12
Felipe Vizeu,Centre-Forward,Criciúma EC,Brazil,2023,27,2,0,2,0.0,1.0,0.0,1.0,1.0,6,0.12
Fellipe Mateus,Attacking Midfield,Criciúma EC,Brazil,2023,33,3,0,3,1.0,6.0,0.0,0.0,0.0,6,0.19
Gustavo Barreto,Defensive Midfield,Criciúma EC,Brazil,2023,28,2,2,4,1.0,5.0,0.0,0.0,0.0,5,0.17
Higor Meritão,Defensive Midfield,Criciúma EC,Brazil,2023,30,2,0,2,0.0,3.0,0.0,0.0,0.0,3,0.18
Jonathan,Right-Back,Criciúma EC,Brazil,2023,32,0,1,1,0.0,2.0,0.0,0.0,0.0,2,0.12
Marcelo Hermes,Left-Back,Criciúma EC,Brazil,2023,29,2,5,7,0.0,4.0,0.0,0.0,0.0,4,0.11
Matheusinho,Attacking Midfield,Criciúma EC,Brazil,2023,26,5,3,8,0.0,3.0,0.0,0.0,0.0,3,0.11
Miguel Trauco,Left-Back,Criciúma EC,Peru,2023,32,2,0,2,0.0,3.0,0.0,1.0,1.0,8,0.17
Rodrigo,Centre-Back,Criciúma EC,Brazil,2023,37,3,1,4,1.0,9.0,0.0,0.0,0.0,9,0.28
Ronald,Defensive Midfield,Criciúma EC,Brazil,2023,27,1,2,3,1.0,6.0,0.0,0.0,0.0,6,0.2
Tobias Figueiredo,Centre-Back,Criciúma EC,Portugal,2023,30,1,0,1,1.0,6.0,0.0,0.0,0.0,6,0.24
Walisson Maia,Centre-Back,Criciúma EC,Brazil,2023,33,0,1,1,0.0,4.0,0.0,0.0,0.0,4,0.25
Wilker Ángel,Centre-Back,Criciúma EC,Venezuela,2023,31,1,0,1,0.0,3.0,0.0,0.0,0.0,3,0.23
Yannick Bolasie,Centre-Forward,Criciúma EC,DR Congo,2023,35,8,4,12,0.0,4.0,0.0,0.0,0.0,4,0.12
Arthur Gomes,Left Winger,Cruzeiro Esporte Clube,Brazil,2023,26,2,1,3,0.0,1.0,0.0,0.0,0.0,1,0.05
Gabriel Veron,Right Winger,Cruzeiro Esporte Clube,Brazil,2023,22,6,2,8,0.0,4.0,0.0,0.0,0.0,4,0.15
João Marcelo,Centre-Back,Cruzeiro Esporte Clube,Brazil,2023,24,0,2,2,1.0,7.0,0.0,1.0,1.0,12,0.26
Juan Dinenno,Centre-Forward,Cruzeiro Esporte Clube,Argentina,2023,29,3,0,3,0.0,1.0,0.0,0.0,0.0,1,0.14
Kaiki,Left-Back,Cruzeiro Esporte Clube,Brazil,2023,21,1,0,1,0.0,4.0,0.0,0.0,0.0,4,0.22
Kaio Jorge,Centre-Forward,Cruzeiro Esporte Clube,Brazil,2023,22,2,2,4,0.0,3.0,0.0,0.0,0.0,3,0.19
Lautaro Díaz,Centre-Forward,Cruzeiro Esporte Clube,Argentina,2023,26,1,0,1,0.0,1.0,0.0,0.0,0.0,1,0.06
Lucas Romero,Defensive Midfield,Cruzeiro Esporte Clube,Argentina,2023,30,0,2,2,1.0,6.0,1.0,0.0,1.0,9,0.21
Lucas Silva,Defensive Midfield,Cruzeiro Esporte Clube,Brazil,2023,31,1,1,2,1.0,5.0,0.0,0.0,0.0,5,0.16
Marlon,Left-Back,Cruzeiro Esporte Clube,Brazil,2023,27,0,1,1,0.0,3.0,0.0,2.0,2.0,13,0.18
Matheus Henrique,Central Midfield,Cruzeiro Esporte Clube,Brazil,2023,26,2,0,2,0.0,4.0,0.0,0.0,0.0,4,0.24
Matheus Pereira,Attacking Midfield,Cruzeiro Esporte Clube,Brazil,2023,28,8,7,15,1.0,9.0,1.0,0.0,1.0,12,0.29
Rafa Silva,Centre-Forward,Cruzeiro Esporte Clube,Brazil,2023,32,3,0,3,0.0,2.0,0.0,1.0,1.0,7,0.33
Rafael Elias,Centre-Forward,Cruzeiro Esporte Clube,Brazil,2023,25,1,0,1,0.0,2.0,0.0,0.0,0.0,2,0.4
Ramiro,Central Midfield,Cruzeiro Esporte Clube,Brazil,2023,31,2,0,2,0.0,3.0,0.0,0.0,0.0,3,0.11
Robert,Left Winger,Cruzeiro Esporte Clube,Brazil,2023,19,0,1,1,0.0,1.0,0.0,0.0,0.0,1,0.08
Vitinho,Central Midfield,Cruzeiro Esporte Clube,Brazil,2023,20,1,1,2,0.0,2.0,0.0,0.0,0.0,2,0.1
William,Right-Back,Cruzeiro Esporte Clube,Brazil,2023,29,5,5,10,1.0,8.0,0.0,0.0,0.0,8,0.24
Zé Ivaldo,Centre-Back,Cruzeiro Esporte Clube,Brazil,2023,27,1,0,1,1.0,9.0,0.0,0.0,0.0,9,0.31
Álvaro Barreal,Left Winger,Cruzeiro Esporte Clube,Argentina,2023,24,2,4,6,1.0,6.0,0.0,0.0,0.0,6,0.21
Bruno Alves,Centre-Back,Cuiabá Esporte Clube (MT),Brazil,2023,33,1,0,1,0.0,3.0,0.0,0.0,0.0,3,0.11
Clayson,Left Winger,Cuiabá Esporte Clube (MT),Brazil,2023,29,5,1,6,1.0,6.0,0.0,0.0,0.0,6,0.18
Denilson,Central Midfield,Cuiabá Esporte Clube (MT),Brazil,2023,23,0,3,3,1.0,8.0,0.0,0.0,0.0,8,0.24
Derik Lacerda,Centre-Forward,Cuiabá Esporte Clube (MT),Brazil,2023,25,4,0,4,1.0,8.0,0.0,0.0,0.0,8,0.3
Eliel,Left Winger,Cuiabá Esporte Clube (MT),Brazil,2023,21,2,0,2,0.0,2.0,0.0,0.0,0.0,2,0.09
Fernando Sobral,Central Midfield,Cuiabá Esporte Clube (MT),Brazil,2023,29,1,1,2,1.0,7.0,0.0,0.0,0.0,7,0.21
Guilherme Madruga,Defensive Midfield,Cuiabá Esporte Clube (MT),Brazil,2023,23,0,1,1,0.0,2.0,0.0,0.0,0.0,2,0.33
Isidro Pitta,Centre-Forward,Cuiabá Esporte Clube (MT),Paraguay,2023,25,7,2,9,1.0,5.0,0.0,0.0,0.0,5,0.14
Jonathan Cafu,Right Winger,Cuiabá Esporte Clube (MT),Brazil,2023,33,1,2,3,0.0,2.0,0.0,0.0,0.0,2,0.07
Lucas Fernandes,Attacking Midfield,Cuiabá Esporte Clube (MT),Brazil,2023,27,1,1,2,0.0,3.0,0.0,0.0,0.0,3,0.14
Marllon,Centre-Back,Cuiabá Esporte Clube (MT),Brazil,2023,32,1,0,1,0.0,4.0,0.0,0.0,0.0,4,0.12
Matheus Alexandre,Right-Back,Cuiabá Esporte Clube (MT),Brazil,2023,25,1,0,1,1.0,6.0,0.0,0.0,0.0,6,0.19
Max,Attacking Midfield,Cuiabá Esporte Clube (MT),Brazil,2023,23,1,0,1,0.0,3.0,0.0,0.0,0.0,3,0.13
Railan,Right-Back,Cuiabá Esporte Clube (MT),Brazil,2023,24,0,3,3,0.0,4.0,0.0,0.0,0.0,4,0.17
Ramon,Left-Back,Cuiabá Esporte Clube (MT),Brazil,2023,23,2,1,3,1.0,9.0,0.0,0.0,0.0,9,0.3
Biel,Left Winger,Esporte Clube Bahia,Brazil,2023,23,5,4,9,0.0,3.0,0.0,0.0,0.0,3,0.12
Caio Alexandre,Defensive Midfield,Esporte Clube Bahia,Brazil,2023,25,2,0,2,1.0,6.0,0.0,0.0,0.0,6,0.17
Carlos de Pena,Left Winger,Esporte Clube Bahia,Uruguay,2023,32,0,3,3,1.0,5.0,0.0,0.0,0.0,5,0.17
Cauly,Attacking Midfield,Esporte Clube Bahia,Brazil,2023,29,4,6,10,0.0,1.0,0.0,0.0,0.0,1,0.03
Everaldo,Centre-Forward,Esporte Clube Bahia,Brazil,2023,33,8,3,11,1.0,6.0,0.0,0.0,0.0,6,0.16
Everton Ribeiro,Attacking Midfield,Esporte Clube Bahia,Brazil,2023,35,2,5,7,0.0,4.0,0.0,0.0,0.0,4,0.11
Gilberto,Right-Back,Esporte Clube Bahia,Brazil,2023,31,1,1,2,0.0,2.0,0.0,0.0,0.0,2,0.11
Jean Lucas,Central Midfield,Esporte Clube Bahia,Brazil,2023,26,3,6,9,1.0,7.0,0.0,0.0,0.0,7,0.19
Luciano Juba,Left-Back,Esporte Clube Bahia,Brazil,2023,25,3,1,4,0.0,2.0,0.0,0.0,0.0,2,0.05
Luciano Rodríguez,Centre-Forward,Esporte Clube Bahia,Uruguay,2023,21,6,1,7,0.0,2.0,0.0,0.0,0.0,2,0.11
Santiago Arias,Right-Back,Esporte Clube Bahia,Colombia,2023,32,0,1,1,0.0,2.0,0.0,1.0,1.0,7,0.13
Thaciano,Attacking Midfield,Esporte Clube Bahia,Brazil,2023,29,7,2,9,1.0,6.0,0.0,0.0,0.0,6,0.17
Óscar Estupiñán,Centre-Forward,Esporte Clube Bahia,Colombia,2023,27,3,1,4,0.0,1.0,0.0,0.0,0.0,1,0.09
Alan Ruschel,Left-Back,Esporte Clube Juventude,Brazil,2023,35,1,1,2,0.0,3.0,2.0,0.0,2.0,9,0.18
Danilo Boza,Centre-Back,Esporte Clube Juventude,Brazil,2023,26,3,1,4,0.0,2.0,0.0,0.0,0.0,2,0.06
Edson Carioca,Centre-Forward,Esporte Clube Juventude,Brazil,2023,27,3,2,5,0.0,2.0,0.0,0.0,0.0,2,0.13
Erick Farias,Centre-Forward,Esporte Clube Juventude,Brazil,2023,27,5,3,8,0.0,1.0,0.0,0.0,0.0,1,0.03
Ewerthon,Right-Back,Esporte Clube Juventude,Brazil,2023,24,1,2,3,0.0,1.0,0.0,0.0,0.0,1,0.04
Gabriel Inocêncio,Right-Back,Esporte Clube Juventude,Brazil,2023,30,0,1,1,0.0,2.0,0.0,0.0,0.0,2,0.12
Gabriel Taliari,Centre-Forward,Esporte Clube Juventude,Brazil,2023,27,2,2,4,0.0,1.0,0.0,0.0,0.0,1,0.05
Gilberto,Centre-Forward,Esporte Clube Juventude,Brazil,2023,35,3,1,4,0.0,3.0,0.0,0.0,0.0,3,0.13
Jean Carlos,Attacking Midfield,Esporte Clube Juventude,Brazil,2023,32,4,2,6,0.0,3.0,0.0,0.0,0.0,3,0.14
João Lucas,Right-Back,Esporte Clube Juventude,Brazil,2023,26,1,6,7,1.0,6.0,1.0,0.0,1.0,9,0.23
Jádson,Central Midfield,Esporte Clube Juventude,Brazil,2023,31,1,5,6,2.0,12.0,1.0,0.0,1.0,15,0.39
Lucas Barbosa,Right Winger,Esporte Clube Juventude,Brazil,2023,23,7,2,9,2.0,12.0,0.0,1.0,1.0,17,0.39
Luís Oyama,Defensive Midfield,Esporte Clube Juventude,Brazil,2023,27,2,1,3,0.0,2.0,0.0,0.0,0.0,2,0.12
Mandaca,Central Midfield,Esporte Clube Juventude,Brazil,2023,23,4,2,6,1.0,5.0,0.0,0.0,0.0,5,0.17
Marcelinho,Right Winger,Esporte Clube Juventude,Brazil,2023,21,2,3,5,0.0,2.0,0.0,1.0,1.0,7,0.12
Nenê,Attacking Midfield,Esporte Clube Juventude,Brazil,2023,43,3,4,7,0.0,4.0,1.0,0.0,1.0,7,0.18
Rodrigo Sam,Centre-Back,Esporte Clube Juventude,Brazil,2023,29,1,0,1,0.0,4.0,0.0,1.0,1.0,9,0.38
Ronaldo,Defensive Midfield,Esporte Clube Juventude,Brazil,2023,28,2,2,4,0.0,1.0,0.0,0.0,0.0,1,0.08
Alerrandro,Centre-Forward,Esporte Clube Vitória,Brazil,2023,24,15,4,19,0.0,4.0,0.0,0.0,0.0,4,0.12
Carlos Eduardo,Right Winger,Esporte Clube Vitória,Brazil,2023,28,0,2,2,0.0,4.0,0.0,0.0,0.0,4,0.24
Everaldo,Left Winger,Esporte Clube Vitória,Brazil,2023,30,2,0,2,0.0,3.0,0.0,0.0,0.0,3,0.2
Iury Castilho,Centre-Forward,Esporte Clube Vitória,Brazil,2023,28,1,0,1,0.0,1.0,0.0,0.0,0.0,1,0.2
Lucas Esteves,Left-Back,Esporte Clube Vitória,Brazil,2023,24,1,4,5,2.0,11.0,0.0,0.0,0.0,11,0.32
Luiz Adriano,Centre-Forward,Esporte Clube Vitória,Brazil,2023,37,0,1,1,0.0,1.0,0.0,0.0,0.0,1,0.13
Matheuzinho,Attacking Midfield,Esporte Clube Vitória,Brazil,2023,27,5,5,10,1.0,5.0,0.0,0.0,0.0,5,0.15
Osvaldo,Right Winger,Esporte Clube Vitória,Brazil,2023,37,2,0,2,0.0,1.0,0.0,0.0,0.0,1,0.05
PK,Left-Back,Esporte Clube Vitória,Brazil,2023,30,0,1,1,0.0,1.0,0.0,1.0,1.0,6,0.18
Raúl Cáceres,Right-Back,Esporte Clube Vitória,Paraguay,2023,33,0,3,3,0.0,2.0,0.0,0.0,0.0,2,0.09
Wagner Leonardo,Centre-Back,Esporte Clube Vitória,Brazil,2023,25,5,0,5,1.0,5.0,0.0,1.0,1.0,10,0.17
Willian Oliveira,Defensive Midfield,Esporte Clube Vitória,Brazil,2023,31,5,1,6,1.0,8.0,0.0,0.0,0.0,8,0.23
Zé Hugo,Left Winger,Esporte Clube Vitória,Brazil,2023,25,1,2,3,0.0,3.0,0.0,0.0,0.0,3,0.11
Alexsander,Defensive Midfield,Fluminense Football Club,Brazil,2023,20,0,1,1,0.0,4.0,0.0,0.0,0.0,4,0.27
André,Defensive Midfield,Fluminense Football Club,Brazil,2023,23,0,1,1,1.0,5.0,0.0,0.0,0.0,5,0.42
Ganso,Attacking Midfield,Fluminense Football Club,Brazil,2023,35,3,7,10,2.0,12.0,0.0,1.0,1.0,17,0.41
Germán Cano,Centre-Forward,Fluminense Football Club,Argentina,2023,36,4,0,4,1.0,6.0,0.0,1.0,1.0,11,0.26
Guga,Right-Back,Fluminense Football Club,Brazil,2023,26,0,1,1,0.0,3.0,0.0,1.0,1.0,8,0.4
Jhon Arias,Right Winger,Fluminense Football Club,Colombia,2023,27,7,3,10,1.0,6.0,0.0,0.0,0.0,6,0.22
Kauã Elias,Centre-Forward,Fluminense Football Club,Brazil,2023,18,6,2,8,0.0,4.0,0.0,0.0,0.0,4,0.13
Keno,Left Winger,Fluminense Football Club,Brazil,2023,35,1,1,2,0.0,4.0,0.0,0.0,0.0,4,0.15
Kevin Serna,Right Winger,Fluminense Football Club,Colombia,2023,26,3,2,5,0.0,1.0,0.0,0.0,0.0,1,0.06
Lima,Attacking Midfield,Fluminense Football Club,Brazil,2023,28,4,1,5,1.0,6.0,1.0,0.0,1.0,9,0.23
Marcelo,Left-Back,Fluminense Football Club,Brazil,2023,36,1,1,2,0.0,3.0,0.0,0.0,0.0,3,0.18
Marquinhos,Right Winger,Fluminense Football Club,Brazil,2023,21,0,1,1,0.0,2.0,0.0,0.0,0.0,2,0.1
Martinelli,Defensive Midfield,Fluminense Football Club,Brazil,2023,23,1,1,2,1.0,9.0,0.0,0.0,0.0,9,0.26
Nonato,Central Midfield,Fluminense Football Club,Brazil,2023,26,0,1,1,0.0,1.0,0.0,0.0,0.0,1,0.1
Samuel Xavier,Right-Back,Fluminense Football Club,Brazil,2023,34,0,2,2,1.0,5.0,0.0,0.0,0.0,5,0.16
Benjamín Kuscevic,Centre-Back,Fortaleza Esporte Clube,Chile,2023,28,2,0,2,1.0,6.0,1.0,0.0,1.0,9,0.32
Bruno Pacheco,Left-Back,Fortaleza Esporte Clube,Brazil,2023,32,1,1,2,0.0,4.0,0.0,0.0,0.0,4,0.2
Emanuel Brítez,Centre-Back,Fortaleza Esporte Clube,Argentina,2023,32,0,2,2,2.0,11.0,1.0,1.0,2.0,19,0.43
Emmanuel Martínez,Attacking Midfield,Fortaleza Esporte Clube,Argentina,2023,30,1,4,5,0.0,4.0,0.0,0.0,0.0,4,0.2
Eros Mancuso,Right-Back,Fortaleza Esporte Clube,Argentina,2023,25,1,2,3,0.0,3.0,1.0,0.0,1.0,6,0.33
Hércules,Central Midfield,Fortaleza Esporte Clube,Brazil,2023,24,4,1,5,1.0,5.0,0.0,2.0,2.0,15,0.22
Juan Martín Lucero,Centre-Forward,Fortaleza Esporte Clube,Argentina,2023,33,8,3,11,1.0,8.0,0.0,0.0,0.0,8,0.25
Kervin Andrade,Attacking Midfield,Fortaleza Esporte Clube,Venezuela,2023,19,1,1,2,0.0,2.0,0.0,0.0,0.0,2,0.15
Marinho,Right Winger,Fortaleza Esporte Clube,Brazil,2023,34,4,3,7,0.0,4.0,0.0,1.0,1.0,9,0.22
Pedro Augusto,Central Midfield,Fortaleza Esporte Clube,Brazil,2023,27,0,1,1,1.0,8.0,0.0,0.0,0.0,8,0.3
Tinga,Right-Back,Fortaleza Esporte Clube,Brazil,2023,31,2,1,3,0.0,3.0,0.0,1.0,1.0,8,0.14
Titi,Centre-Back,Fortaleza Esporte Clube,Brazil,2023,36,1,0,1,1.0,9.0,0.0,0.0,0.0,9,0.39
Tomás Cardona,Centre-Back,Fortaleza Esporte Clube,Argentina,2023,29,1,0,1,0.0,4.0,0.0,0.0,0.0,4,0.24
Tomás Pochettino,Attacking Midfield,Fortaleza Esporte Clube,Argentina,2023,28,5,6,11,0.0,4.0,0.0,0.0,0.0,4,0.13
Yago Pikachu,Right Winger,Fortaleza Esporte Clube,Brazil,2023,32,2,4,6,1.0,7.0,0.0,0.0,0.0,7,0.22
Zé Welison,Defensive Midfield,Fortaleza Esporte Clube,Brazil,2023,29,0,1,1,0.0,1.0,0.0,1.0,1.0,6,0.1
Cristian Pavón,Right Winger,Grêmio Foot-Ball Porto Alegrense,Argentina,2023,28,1,3,4,0.0,4.0,0.0,0.0,0.0,4,0.19
Diego Costa,Centre-Forward,Grêmio Foot-Ball Porto Alegrense,Spain,2023,36,1,2,3,0.0,4.0,0.0,1.0,1.0,9,0.36
Dodi,Defensive Midfield,Grêmio Foot-Ball Porto Alegrense,Brazil,2023,28,0,2,2,1.0,6.0,0.0,1.0,1.0,11,0.21
Franco Cristaldo,Attacking Midfield,Grêmio Foot-Ball Porto Alegrense,Argentina,2023,28,6,2,8,0.0,1.0,0.0,0.0,0.0,1,0.03
Gustavo Martins,Centre-Back,Grêmio Foot-Ball Porto Alegrense,Brazil,2023,22,2,0,2,0.0,1.0,0.0,1.0,1.0,6,0.11
Gustavo Nunes,Left Winger,Grêmio Foot-Ball Porto Alegrense,Brazil,2023,18,3,1,4,1.0,5.0,0.0,0.0,0.0,5,0.25
João Pedro,Right-Back,Grêmio Foot-Ball Porto Alegrense,Brazil,2023,28,1,4,5,0.0,3.0,0.0,0.0,0.0,3,0.09
Martin Braithwaite,Centre-Forward,Grêmio Foot-Ball Porto Alegrense,Denmark,2023,33,8,2,10,0.0,2.0,0.0,0.0,0.0,2,0.11
Mathías Villasanti,Defensive Midfield,Grêmio Foot-Ball Porto Alegrense,Paraguay,2023,27,3,1,4,1.0,5.0,0.0,0.0,0.0,5,0.19
Miguel Monsalve,Attacking Midfield,Grêmio Foot-Ball Porto Alegrense,Colombia,2023,20,3,1,4,0.0,3.0,0.0,1.0,1.0,8,0.21
Pepê,Central Midfield,Grêmio Foot-Ball Porto Alegrense,Brazil,2023,26,1,0,1,0.0,2.0,0.0,1.0,1.0,7,0.12
Reinaldo,Left-Back,Grêmio Foot-Ball Porto Alegrense,Brazil,2023,35,3,1,4,1.0,6.0,0.0,0.0,0.0,6,0.21
Rodrigo Ely,Centre-Back,Grêmio Foot-Ball Porto Alegrense,Brazil,2023,31,1,0,1,1.0,5.0,0.0,0.0,0.0,5,0.24
Walter Kannemann,Centre-Back,Grêmio Foot-Ball Porto Alegrense,Argentina,2023,33,0,2,2,1.0,7.0,0.0,1.0,1.0,12,0.62
Yeferson Soteldo,Left Winger,Grêmio Foot-Ball Porto Alegrense,Venezuela,2023,27,5,2,7,0.0,2.0,0.0,0.0,0.0,2,0.08
Douglas Mendes,Centre-Back,Red Bull Bragantino,Brazil,2023,20,2,0,2,0.0,2.0,0.0,0.0,0.0,2,0.1
Eduardo,Centre-Back,Red Bull Bragantino,Brazil,2023,26,1,0,1,1.0,5.0,0.0,0.0,0.0,5,0.23
Eduardo Sasha,Centre-Forward,Red Bull Bragantino,Brazil,2023,32,8,4,12,1.0,7.0,0.0,1.0,1.0,12,0.29
Eric Ramires,Central Midfield,Red Bull Bragantino,Brazil,2023,24,2,2,4,0.0,4.0,0.0,0.0,0.0,4,0.18
Guilherme Lopes,Left-Back,Red Bull Bragantino,Brazil,2023,22,0,1,1,0.0,1.0,0.0,0.0,0.0,1,0.07
Gustavo Neves,Central Midfield,Red Bull Bragantino,Brazil,2023,20,1,3,4,0.0,1.0,0.0,0.0,0.0,1,0.04
Helinho,Right Winger,Red Bull Bragantino,Brazil,2023,24,7,2,9,0.0,4.0,0.0,0.0,0.0,4,0.24
Henry Mosquera,Left Winger,Red Bull Bragantino,Colombia,2023,23,1,2,3,0.0,4.0,0.0,0.0,0.0,4,0.12
Jadsom,Defensive Midfield,Red Bull Bragantino,Brazil,2023,23,0,1,1,2.0,10.0,0.0,1.0,1.0,15,0.37
José Andrés Hurtado,Right-Back,Red Bull Bragantino,Ecuador,2023,22,0,2,2,0.0,2.0,0.0,0.0,0.0,2,0.12
Juninho Capixaba,Left-Back,Red Bull Bragantino,Brazil,2023,27,2,0,2,0.0,4.0,0.0,0.0,0.0,4,0.17
Lincoln,Attacking Midfield,Red Bull Bragantino,Brazil,2023,26,3,2,5,0.0,4.0,0.0,0.0,0.0,4,0.14
Luan Cândido,Left-Back,Red Bull Bragantino,Brazil,2023,23,1,0,1,1.0,5.0,0.0,0.0,0.0,5,0.19
Lucas Evangelista,Central Midfield,Red Bull Bragantino,Brazil,2023,29,2,3,5,0.0,4.0,0.0,0.0,0.0,4,0.13
Matheus Fernandes,Defensive Midfield,Red Bull Bragantino,Brazil,2023,26,1,1,2,1.0,5.0,0.0,0.0,0.0,5,0.31
Nathan Mendes,Right-Back,Red Bull Bragantino,Brazil,2023,22,0,1,1,1.0,6.0,0.0,0.0,0.0,6,0.38
Raul,Defensive Midfield,Red Bull Bragantino,Brazil,2023,28,1,1,2,0.0,2.0,0.0,0.0,0.0,2,0.07
Thiago Borbas,Centre-Forward,Red Bull Bragantino,Uruguay,2023,22,2,0,2,0.0,4.0,0.0,0.0,0.0,4,0.19
Vinicinho,Left Winger,Red Bull Bragantino,Brazil,2023,20,2,0,2,0.0,3.0,0.0,0.0,0.0,3,0.16
Vitinho,Left Winger,Red Bull Bragantino,Brazil,2023,25,3,3,6,1.0,7.0,0.0,0.0,0.0,7,0.21
Aníbal Moreno,Defensive Midfield,Sociedade Esportiva Palmeiras,Argentina,2023,25,1,1,2,1.0,7.0,0.0,0.0,0.0,7,0.21
Estêvão,Right Winger,Sociedade Esportiva Palmeiras,Brazil,2023,17,13,9,22,0.0,4.0,0.0,0.0,0.0,4,0.13
Fabinho,Defensive Midfield,Sociedade Esportiva Palmeiras,Brazil,2023,22,1,0,1,0.0,2.0,0.0,0.0,0.0,2,0.11
Gabriel Menino,Right-Back,Sociedade Esportiva Palmeiras,Brazil,2023,24,1,0,1,1.0,7.0,0.0,1.0,1.0,12,0.31
Gustavo Gómez,Centre-Back,Sociedade Esportiva Palmeiras,Paraguay,2023,31,1,2,3,1.0,9.0,0.0,0.0,0.0,9,0.33
Joaquín Piquerez,Left-Back,Sociedade Esportiva Palmeiras,Uruguay,2023,25,2,0,2,0.0,2.0,0.0,0.0,0.0,2,0.13
José Manuel López,Centre-Forward,Sociedade Esportiva Palmeiras,Argentina,2023,24,10,2,12,1.0,8.0,0.0,0.0,0.0,8,0.23
Marcos Rocha,Right-Back,Sociedade Esportiva Palmeiras,Brazil,2023,35,0,2,2,1.0,6.0,0.0,1.0,1.0,11,0.25
Mayke,Right-Back,Sociedade Esportiva Palmeiras,Brazil,2023,32,1,0,1,1.0,7.0,0.0,0.0,0.0,7,0.32
Murilo,Centre-Back,Sociedade Esportiva Palmeiras,Brazil,2023,27,1,0,1,1.0,5.0,1.0,0.0,1.0,8,0.24
Raphael Veiga,Attacking Midfield,Sociedade Esportiva Palmeiras,Brazil,2023,29,11,3,14,0.0,3.0,0.0,1.0,1.0,8,0.12
Richard Ríos,Defensive Midfield,Sociedade Esportiva Palmeiras,Colombia,2023,24,3,4,7,1.0,6.0,0.0,0.0,0.0,6,0.25
Rony,Centre-Forward,Sociedade Esportiva Palmeiras,Brazil,2023,29,4,2,6,0.0,4.0,0.0,0.0,0.0,4,0.11
Vitor Reis,Centre-Back,Sociedade Esportiva Palmeiras,Brazil,2023,18,1,0,1,0.0,3.0,0.0,0.0,0.0,3,0.17
Weverton,Goalkeeper,Sociedade Esportiva Palmeiras,Brazil,2023,36,0,1,1,0.0,2.0,0.0,0.0,0.0,2,0.05
Zé Rafael,Central Midfield,Sociedade Esportiva Palmeiras,Brazil,2023,31,0,2,2,1.0,7.0,0.0,1.0,1.0,12,0.44
André Carrillo,Central Midfield,Sport Club Corinthians Paulista,Peru,2023,33,0,2,2,0.0,3.0,0.0,0.0,0.0,3,0.23
André Ramalho,Centre-Back,Sport Club Corinthians Paulista,Brazil,2023,32,0,1,1,1.0,5.0,0.0,1.0,1.0,10,0.33
Cacá,Centre-Back,Sport Club Corinthians Paulista,Brazil,2023,25,4,1,5,0.0,4.0,0.0,1.0,1.0,9,0.19
Charles,Defensive Midfield,Sport Club Corinthians Paulista,Brazil,2023,28,1,0,1,0.0,4.0,0.0,0.0,0.0,4,0.31
Fagner,Right-Back,Sport Club Corinthians Paulista,Brazil,2023,35,0,1,1,0.0,2.0,1.0,0.0,1.0,5,0.21
Giovane,Centre-Forward,Sport Club Corinthians Paulista,Brazil,2023,20,1,0,1,0.0,1.0,0.0,0.0,0.0,1,0.09
Gustavo Henrique,Centre-Back,Sport Club Corinthians Paulista,Brazil,2023,31,1,0,1,1.0,6.0,1.0,0.0,1.0,9,0.39
Hugo,Left-Back,Sport Club Corinthians Paulista,Brazil,2023,27,0,4,4,0.0,3.0,0.0,0.0,0.0,3,0.12
Igor Coronado,Attacking Midfield,Sport Club Corinthians Paulista,Italy,2023,32,1,2,3,1.0,6.0,0.0,0.0,0.0,6,0.2
Matheus Bidu,Left-Back,Sport Club Corinthians Paulista,Brazil,2023,25,2,1,3,0.0,3.0,0.0,0.0,0.0,3,0.13
Matheuzinho,Right-Back,Sport Club Corinthians Paulista,Brazil,2023,24,1,1,2,0.0,4.0,0.0,0.0,0.0,4,0.13
Memphis Depay,Centre-Forward,Sport Club Corinthians Paulista,Netherlands,2023,30,7,1,8,0.0,3.0,0.0,0.0,0.0,3,0.27
Pedro Henrique,Right Winger,Sport Club Corinthians Paulista,Brazil,2023,34,1,1,2,0.0,2.0,0.0,0.0,0.0,2,0.18
Rodrigo Garro,Attacking Midfield,Sport Club Corinthians Paulista,Argentina,2023,26,10,10,20,1.0,7.0,0.0,0.0,0.0,7,0.19
Talles Magno,Left Winger,Sport Club Corinthians Paulista,Brazil,2023,22,2,1,3,0.0,2.0,0.0,0.0,0.0,2,0.14
Wesley,Left Winger,Sport Club Corinthians Paulista,Brazil,2023,19,2,1,3,0.0,2.0,0.0,0.0,0.0,2,0.09
Yuri Alberto,Centre-Forward,Sport Club Corinthians Paulista,Brazil,2023,23,15,5,20,1.0,6.0,0.0,1.0,1.0,11,0.24
Ángel Romero,Right Winger,Sport Club Corinthians Paulista,Paraguay,2023,32,5,4,9,1.0,6.0,0.0,0.0,0.0,6,0.21
Agustín Rogel,Centre-Back,Sport Club Internacional,Uruguay,2023,27,0,1,1,0.0,2.0,0.0,1.0,1.0,7,0.2
Alan Patrick,Attacking Midfield,Sport Club Internacional,Brazil,2023,33,8,3,11,0.0,3.0,0.0,0.0,0.0,3,0.13
Alexandro Bernabei,Left-Back,Sport Club Internacional,Argentina,2023,24,3,5,8,1.0,5.0,0.0,0.0,0.0,5,0.22
Bruno Gomes,Right-Back,Sport Club Internacional,Brazil,2023,23,1,1,2,0.0,3.0,0.0,0.0,0.0,3,0.1
Bruno Henrique,Central Midfield,Sport Club Internacional,Brazil,2023,35,3,1,4,1.0,5.0,0.0,0.0,0.0,5,0.14
Enner Valencia,Centre-Forward,Sport Club Internacional,Ecuador,2023,35,3,1,4,0.0,2.0,0.0,0.0,0.0,2,0.08
Fabricio Bustos,Right-Back,Sport Club Internacional,Argentina,2023,28,1,1,2,0.0,4.0,0.0,0.0,0.0,4,0.36
Fernando,Defensive Midfield,Sport Club Internacional,Brazil,2023,37,1,0,1,1.0,7.0,0.0,0.0,0.0,7,0.29
Gabriel Carvalho,Right Winger,Sport Club Internacional,Brazil,2023,17,1,3,4,0.0,3.0,0.0,0.0,0.0,3,0.13
Gabriel Mercado,Centre-Back,Sport Club Internacional,Argentina,2023,37,1,0,1,1.0,6.0,0.0,0.0,0.0,6,0.35
Gustavo Prado,Left Winger,Sport Club Internacional,Brazil,2023,19,1,0,1,0.0,1.0,0.0,0.0,0.0,1,0.04
Hugo Mallo,Right-Back,Sport Club Internacional,Spain,2023,33,1,0,1,0.0,2.0,0.0,0.0,0.0,2,0.33
Igor Gomes,Centre-Back,Sport Club Internacional,Brazil,2023,23,1,1,2,0.0,2.0,0.0,0.0,0.0,2,0.15
Rafael Santos Borré,Centre-Forward,Sport Club Internacional,Colombia,2023,29,9,3,12,1.0,6.0,0.0,0.0,0.0,6,0.26
Ricardo Mathias,Centre-Forward,Sport Club Internacional,Brazil,2023,18,1,0,1,0.0,2.0,0.0,0.0,0.0,2,0.33
Robert Renan,Centre-Back,Sport Club Internacional,Brazil,2023,20,0,1,1,0.0,2.0,0.0,0.0,0.0,2,0.17
Wanderson,Left Winger,Sport Club Internacional,Brazil,2023,30,2,2,4,0.0,3.0,0.0,0.0,0.0,3,0.13
Wesley,Left Winger,Sport Club Internacional,Brazil,2023,25,11,1,12,2.0,11.0,0.0,0.0,0.0,11,0.33
Alan Franco,Centre-Back,São Paulo Futebol Clube,Argentina,2023,28,0,1,1,1.0,6.0,0.0,1.0,1.0,11,0.26
Alisson,Central Midfield,São Paulo Futebol Clube,Brazil,2023,31,1,2,3,1.0,5.0,0.0,0.0,0.0,5,0.24
André Silva,Centre-Forward,São Paulo Futebol Clube,Brazil,2023,27,7,2,9,0.0,3.0,0.0,0.0,0.0,3,0.1
Damián Bobadilla,Central Midfield,São Paulo Futebol Clube,Paraguay,2023,23,1,0,1,0.0,3.0,0.0,0.0,0.0,3,0.17
Erick,Right Winger,São Paulo Futebol Clube,Brazil,2023,26,1,2,3,0.0,3.0,0.0,0.0,0.0,3,0.16
Ferreirinha,Left Winger,São Paulo Futebol Clube,Brazil,2023,26,5,1,6,0.0,4.0,0.0,0.0,0.0,4,0.15
Igor Vinícius,Right-Back,São Paulo Futebol Clube,Brazil,2023,27,0,2,2,1.0,5.0,1.0,0.0,1.0,8,0.2
Jonathan Calleri,Centre-Forward,São Paulo Futebol Clube,Argentina,2023,31,5,4,9,1.0,6.0,0.0,0.0,0.0,6,0.22
Liziero,Central Midfield,São Paulo Futebol Clube,Brazil,2023,26,1,0,1,0.0,1.0,0.0,0.0,0.0,1,0.11
Lucas Moura,Right Winger,São Paulo Futebol Clube,Brazil,2023,32,10,6,16,0.0,4.0,0.0,0.0,0.0,4,0.14
Luciano,Centre-Forward,São Paulo Futebol Clube,Brazil,2023,31,11,2,13,2.0,11.0,1.0,0.0,1.0,14,0.39
Luiz Gustavo,Defensive Midfield,São Paulo Futebol Clube,Brazil,2023,37,2,1,3,0.0,3.0,0.0,0.0,0.0,3,0.11
Michel Araújo,Right Winger,São Paulo Futebol Clube,Uruguay,2023,28,0,1,1,0.0,4.0,0.0,0.0,0.0,4,0.2
Nahuel Ferraresi,Centre-Back,São Paulo Futebol Clube,Venezuela,2023,25,1,1,2,0.0,2.0,0.0,0.0,0.0,2,0.14
Robert Arboleda,Centre-Back,São Paulo Futebol Clube,Ecuador,2023,33,2,0,2,0.0,3.0,0.0,0.0,0.0,3,0.11
Rodrigo Nestor,Central Midfield,São Paulo Futebol Clube,Brazil,2023,24,0,2,2,0.0,3.0,0.0,1.0,1.0,8,0.16
Welington,Left-Back,São Paulo Futebol Clube,Brazil,2023,23,0,1,1,1.0,6.0,0.0,0.0,0.0,6,0.27
Wellington Rato,Right Winger,São Paulo Futebol Clube,Brazil,2023,32,1,5,6,0.0,2.0,0.0,0.0,0.0,2,0.08
William Gomes,Right Winger,São Paulo Futebol Clube,Brazil,2023,18,3,1,4,0.0,2.0,0.0,0.0,0.0,2,0.18
Alex Telles,Left-Back,Botafogo de Futebol e Regatas,Brazil,2024,32,5,4,9,0.0,3.0,0.0,0.0,0.0,3,0.11
Arthur Cabral,Centre-Forward,Botafogo de Futebol e Regatas,Brazil,2024,27,4,2,6,0.0,1.0,0.0,0.0,0.0,1,0.05
Artur,Right Winger,Botafogo de Futebol e Regatas,Brazil,2024,27,5,4,9,0.0,3.0,0.0,0.0,0.0,3,0.11
Chris Ramos,Centre-Forward,Botafogo de Futebol e Regatas,Spain,2024,28,4,0,4,0.0,1.0,0.0,1.0,1.0,6,0.15
Cuiabano,Left-Back,Botafogo de Futebol e Regatas,Brazil,2024,22,5,2,7,0.0,4.0,0.0,0.0,0.0,4,0.13
Danilo,Central Midfield,Botafogo de Futebol e Regatas,Brazil,2024,24,1,3,4,0.0,2.0,0.0,0.0,0.0,2,0.15
David Ricardo,Centre-Back,Botafogo de Futebol e Regatas,Brazil,2024,22,1,1,2,0.0,3.0,0.0,2.0,2.0,13,0.23
Gonzalo Mastriani,Centre-Forward,Botafogo de Futebol e Regatas,Uruguay,2024,32,1,0,1,0.0,1.0,0.0,0.0,0.0,1,0.08
Jefferson Savarino,Attacking Midfield,Botafogo de Futebol e Regatas,Venezuela,2024,29,4,3,7,0.0,2.0,0.0,0.0,0.0,2,0.07
Jeffinho,Left Winger,Botafogo de Futebol e Regatas,Brazil,2024,25,2,4,6,0.0,0.0,0.0,1.0,1.0,5,0.06
Joaquín Correa,Second Striker,Botafogo de Futebol e Regatas,Argentina,2024,31,2,0,2,0.0,2.0,0.0,0.0,0.0,2,0.11
Jordan Barrera,Attacking Midfield,Botafogo de Futebol e Regatas,Colombia,2024,19,1,0,1,0.0,1.0,0.0,0.0,0.0,1,0.17
Kadir Barría,Centre-Forward,Botafogo de Futebol e Regatas,Panama,2024,18,2,0,2,0.0,1.0,0.0,0.0,0.0,1,0.17
Kauan Toledo,Right Winger,Botafogo de Futebol e Regatas,Brazil,2024,19,0,1,1,0.0,1.0,0.0,0.0,0.0,1,0.5
Marlon Freitas,Defensive Midfield,Botafogo de Futebol e Regatas,Brazil,2024,30,1,4,5,1.0,8.0,0.0,0.0,0.0,8,0.23
Marçal,Left-Back,Botafogo de Futebol e Regatas,Brazil,2024,36,5,0,5,1.0,5.0,0.0,0.0,0.0,5,0.33
Mateo Ponte,Right-Back,Botafogo de Futebol e Regatas,Uruguay,2024,22,2,0,2,0.0,3.0,0.0,0.0,0.0,3,0.14
Matheus Martins,Left Winger,Botafogo de Futebol e Regatas,Brazil,2024,22,1,0,1,0.0,3.0,0.0,0.0,0.0,3,0.2
Nathan Fernandes,Right Winger,Botafogo de Futebol e Regatas,Brazil,2024,20,1,2,3,0.0,1.0,0.0,0.0,0.0,1,0.1
Newton,Defensive Midfield,Botafogo de Futebol e Regatas,Brazil,2024,25,1,0,1,1.0,5.0,0.0,0.0,0.0,5,0.2
Santiago Rodríguez,Attacking Midfield,Botafogo de Futebol e Regatas,Uruguay,2024,25,2,5,7,1.0,6.0,0.0,0.0,0.0,6,0.23
Vitinho,Right-Back,Botafogo de Futebol e Regatas,Brazil,2024,26,1,2,3,0.0,3.0,0.0,0.0,0.0,3,0.08
Álvaro Montoro,Left Winger,Botafogo de Futebol e Regatas,Argentina,2024,18,3,3,6,0.0,3.0,0.0,0.0,0.0,3,0.19
Ayrton Lucas,Left-Back,CR Flamengo,Brazil,2024,28,2,0,2,1.0,5.0,0.0,0.0,0.0,5,0.28
Bruno Henrique,Centre-Forward,CR Flamengo,Brazil,2024,34,8,0,8,1.0,8.0,0.0,0.0,0.0,8,0.25
Danilo,Centre-Back,CR Flamengo,Brazil,2024,34,1,1,2,0.0,2.0,0.0,1.0,1.0,7,0.15
Emerson Royal,Right-Back,CR Flamengo,Brazil,2024,26,1,1,2,0.0,1.0,0.0,0.0,0.0,1,0.07
Erick Pulgar,Defensive Midfield,CR Flamengo,Chile,2024,31,1,0,1,1.0,7.0,0.0,0.0,0.0,7,0.41
Evertton Araújo,Defensive Midfield,CR Flamengo,Brazil,2024,22,1,0,1,0.0,2.0,0.0,1.0,1.0,7,0.17
Gerson,Central Midfield,CR Flamengo,Brazil,2024,28,0,2,2,0.0,0.0,0.0,1.0,1.0,5,0.11
Giorgian de Arrascaeta,Attacking Midfield,CR Flamengo,Uruguay,2024,31,18,14,32,0.0,3.0,0.0,0.0,0.0,3,0.09
Gonzalo Plata,Right Winger,CR Flamengo,Ecuador,2024,25,4,1,5,0.0,0.0,0.0,1.0,1.0,5,0.04
Guillermo Varela,Right-Back,CR Flamengo,Uruguay,2024,32,0,4,4,0.0,1.0,0.0,0.0,0.0,1,0.05
Jorge Carrascal,Attacking Midfield,CR Flamengo,Colombia,2024,27,2,5,7,0.0,4.0,0.0,0.0,0.0,4,0.25
Jorginho,Defensive Midfield,CR Flamengo,Italy,2024,33,3,1,4,1.0,5.0,0.0,0.0,0.0,5,0.28
Luiz Araújo,Right Winger,CR Flamengo,Brazil,2024,29,7,3,10,0.0,2.0,0.0,0.0,0.0,2,0.06
Léo Ortiz,Centre-Back,CR Flamengo,Brazil,2024,29,1,2,3,0.0,4.0,0.0,0.0,0.0,4,0.15
Léo Pereira,Centre-Back,CR Flamengo,Brazil,2024,29,4,0,4,1.0,5.0,0.0,0.0,0.0,5,0.15
Pedro,Centre-Forward,CR Flamengo,Brazil,2024,28,12,6,18,0.0,3.0,0.0,0.0,0.0,3,0.14
Samuel Lino,Left Winger,CR Flamengo,Brazil,2024,25,4,5,9,0.0,1.0,0.0,0.0,0.0,1,0.05
Saúl Ñíguez,Central Midfield,CR Flamengo,Spain,2024,31,0,2,2,0.0,3.0,0.0,0.0,0.0,3,0.19
Wallace Yan,Centre-Forward,CR Flamengo,Brazil,2024,20,1,2,3,0.0,3.0,1.0,0.0,1.0,6,0.24
Wesley,Right-Back,CR Flamengo,Brazil,2024,21,1,2,3,0.0,4.0,0.0,0.0,0.0,4,0.36
Antonio Galeano,Right Winger,Ceará Sporting Club,Paraguay,2024,25,7,3,10,0.0,2.0,0.0,0.0,0.0,2,0.05
Aylon,Centre-Forward,Ceará Sporting Club,Brazil,2024,33,2,0,2,0.0,4.0,0.0,0.0,0.0,4,0.17
Dieguinho,Defensive Midfield,Ceará Sporting Club,Brazil,2024,30,0,2,2,1.0,5.0,0.0,0.0,0.0,5,0.16
Fabiano,Right-Back,Ceará Sporting Club,Brazil,2024,25,0,1,1,1.0,8.0,0.0,0.0,0.0,8,0.24
Fernandinho,Left Winger,Ceará Sporting Club,Brazil,2024,28,0,1,1,0.0,3.0,0.0,0.0,0.0,3,0.14
Fernando Sobral,Central Midfield,Ceará Sporting Club,Brazil,2024,30,1,0,1,1.0,8.0,0.0,0.0,0.0,8,0.27
Guilherme Luiz,Centre-Forward,Ceará Sporting Club,Brazil,2024,20,0,1,1,0.0,1.0,0.0,0.0,0.0,1,0.14
Lourenço,Central Midfield,Ceará Sporting Club,Brazil,2024,28,2,1,3,0.0,4.0,0.0,0.0,0.0,4,0.12
Lucas Mugni,Attacking Midfield,Ceará Sporting Club,Argentina,2024,33,2,6,8,1.0,5.0,0.0,0.0,0.0,5,0.15
Marllon,Centre-Back,Ceará Sporting Club,Brazil,2024,33,2,0,2,0.0,3.0,0.0,0.0,0.0,3,0.12
Matheus Bahia,Left-Back,Ceará Sporting Club,Brazil,2024,26,0,1,1,1.0,6.0,0.0,0.0,0.0,6,0.21
Pedro Henrique,Right Winger,Ceará Sporting Club,Brazil,2024,35,4,3,7,1.0,9.0,0.0,0.0,0.0,9,0.32
Pedro Raul,Centre-Forward,Ceará Sporting Club,Brazil,2024,29,11,1,12,1.0,6.0,0.0,0.0,0.0,6,0.18
Vina,Attacking Midfield,Ceará Sporting Club,Brazil,2024,34,0,1,1,0.0,3.0,0.0,1.0,1.0,8,0.25
Willian Machado,Centre-Back,Ceará Sporting Club,Brazil,2024,29,0,1,1,1.0,7.0,0.0,0.0,0.0,7,0.19
Alan Franco,Central Midfield,Clube Atlético Mineiro,Ecuador,2024,27,1,0,1,0.0,4.0,0.0,0.0,0.0,4,0.13
Alexsander,Defensive Midfield,Clube Atlético Mineiro,Brazil,2024,22,1,0,1,0.0,3.0,0.0,0.0,0.0,3,0.21
Bernard,Left Winger,Clube Atlético Mineiro,Brazil,2024,33,1,1,2,0.0,4.0,0.0,0.0,0.0,4,0.13
Biel,Left Winger,Clube Atlético Mineiro,Brazil,2024,24,1,2,3,0.0,1.0,0.0,0.0,0.0,1,0.06
Fausto Vera,Defensive Midfield,Clube Atlético Mineiro,Argentina,2024,25,1,0,1,0.0,3.0,0.0,0.0,0.0,3,0.17
Gabriel Menino,Right-Back,Clube Atlético Mineiro,Brazil,2024,25,1,1,2,0.0,1.0,0.0,0.0,0.0,1,0.04
Guilherme Arana,Left-Back,Clube Atlético Mineiro,Brazil,2024,28,1,1,2,1.0,7.0,0.0,0.0,0.0,7,0.28
Gustavo Scarpa,Attacking Midfield,Clube Atlético Mineiro,Brazil,2024,31,2,3,5,0.0,3.0,0.0,0.0,0.0,3,0.08
Hulk,Centre-Forward,Clube Atlético Mineiro,Brazil,2024,39,8,6,14,2.0,10.0,0.0,0.0,0.0,10,0.3
Igor Gomes,Attacking Midfield,Clube Atlético Mineiro,Brazil,2024,26,5,2,7,0.0,3.0,0.0,1.0,1.0,8,0.12
Júnior Alonso,Centre-Back,Clube Atlético Mineiro,Paraguay,2024,32,1,1,2,1.0,5.0,0.0,2.0,2.0,15,0.23
Júnior Santos,Right Winger,Clube Atlético Mineiro,Brazil,2024,30,2,0,2,0.0,1.0,0.0,0.0,0.0,1,0.06
Natanael,Right-Back,Clube Atlético Mineiro,Brazil,2024,23,1,0,1,0.0,2.0,0.0,0.0,0.0,2,0.06
Rony,Centre-Forward,Clube Atlético Mineiro,Brazil,2024,30,6,5,11,0.0,4.0,0.0,1.0,1.0,9,0.14
Rubens,Left-Back,Clube Atlético Mineiro,Brazil,2024,24,1,0,1,0.0,2.0,0.0,0.0,0.0,2,0.15
Tomás Cuello,Left Winger,Clube Atlético Mineiro,Argentina,2024,25,1,1,2,0.0,3.0,0.0,1.0,1.0,8,0.25
Vitor Hugo,Centre-Back,Clube Atlético Mineiro,Brazil,2024,34,3,0,3,0.0,3.0,0.0,1.0,1.0,8,0.17
Andrés Gómez,Left Winger,Clube de Regatas Vasco da Gama,Colombia,2024,23,1,5,6,0.0,1.0,0.0,0.0,0.0,1,0.06
Carlos Cuesta,Centre-Back,Clube de Regatas Vasco da Gama,Colombia,2024,26,1,0,1,0.0,3.0,0.0,0.0,0.0,3,0.23
Cauan Barros,Defensive Midfield,Clube de Regatas Vasco da Gama,Brazil,2024,21,1,0,1,1.0,5.0,0.0,0.0,0.0,5,0.29
David,Left Winger,Clube de Regatas Vasco da Gama,Brazil,2024,30,2,3,5,0.0,3.0,0.0,1.0,1.0,8,0.17
Hugo Moura,Defensive Midfield,Clube de Regatas Vasco da Gama,Brazil,2024,27,0,1,1,1.0,6.0,0.0,2.0,2.0,16,0.24
João Victor,Centre-Back,Clube de Regatas Vasco da Gama,Brazil,2024,27,1,0,1,0.0,3.0,0.0,0.0,0.0,3,0.19
Lucas Freitas,Centre-Back,Clube de Regatas Vasco da Gama,Brazil,2024,24,1,0,1,0.0,3.0,0.0,0.0,0.0,3,0.14
Lucas Piton,Left-Back,Clube de Regatas Vasco da Gama,Italy,2024,25,1,7,8,1.0,5.0,0.0,0.0,0.0,5,0.17
Nuno Moreira,Right Winger,Clube de Regatas Vasco da Gama,Portugal,2024,26,7,5,12,0.0,4.0,0.0,0.0,0.0,4,0.11
Pablo Vegetti,Centre-Forward,Clube de Regatas Vasco da Gama,Argentina,2024,37,14,1,15,0.0,3.0,0.0,0.0,0.0,3,0.09
Paulo Henrique,Right-Back,Clube de Regatas Vasco da Gama,Brazil,2024,29,1,8,9,1.0,9.0,1.0,0.0,1.0,12,0.36
Philippe Coutinho,Attacking Midfield,Clube de Regatas Vasco da Gama,Brazil,2024,33,5,3,8,0.0,3.0,0.0,1.0,1.0,8,0.13
Rayan,Right Winger,Clube de Regatas Vasco da Gama,Brazil,2024,19,14,1,15,0.0,4.0,0.0,0.0,0.0,4,0.12
Tchê Tchê,Central Midfield,Clube de Regatas Vasco da Gama,Brazil,2024,33,1,0,1,0.0,3.0,0.0,0.0,0.0,3,0.1
Christian,Right Midfield,Cruzeiro Esporte Clube,Brazil,2024,24,5,2,7,1.0,9.0,0.0,0.0,0.0,9,0.3
Eduardo,Attacking Midfield,Cruzeiro Esporte Clube,Brazil,2024,36,1,0,1,0.0,1.0,0.0,1.0,1.0,6,0.07
Fabrício Bruno,Centre-Back,Cruzeiro Esporte Clube,Brazil,2024,29,3,0,3,1.0,8.0,1.0,0.0,1.0,11,0.27
Gabriel Barbosa,Centre-Forward,Cruzeiro Esporte Clube,Brazil,2024,29,6,2,8,1.0,7.0,0.0,0.0,0.0,7,0.23
Jonathan Jesus,Centre-Back,Cruzeiro Esporte Clube,Brazil,2024,21,0,1,1,0.0,1.0,0.0,1.0,1.0,6,0.15
Kaiki,Left-Back,Cruzeiro Esporte Clube,Brazil,2024,22,1,5,6,2.0,10.0,0.0,0.0,0.0,10,0.29
Kaio Jorge,Centre-Forward,Cruzeiro Esporte Clube,Brazil,2024,23,21,8,29,0.0,4.0,0.0,1.0,1.0,9,0.15
Keny Arroyo,Right Winger,Cruzeiro Esporte Clube,Ecuador,2024,19,2,1,3,0.0,4.0,0.0,0.0,0.0,4,0.31
Lucas Romero,Defensive Midfield,Cruzeiro Esporte Clube,Argentina,2024,31,1,3,4,2.0,12.0,0.0,0.0,0.0,12,0.36
Lucas Silva,Defensive Midfield,Cruzeiro Esporte Clube,Brazil,2024,32,2,2,4,1.0,8.0,0.0,0.0,0.0,8,0.24
Lucas Villalba,Centre-Back,Cruzeiro Esporte Clube,Argentina,2024,31,1,0,1,2.0,10.0,0.0,0.0,0.0,10,0.31
Matheus Pereira,Attacking Midfield,Cruzeiro Esporte Clube,Brazil,2024,29,7,7,14,1.0,7.0,0.0,0.0,0.0,7,0.21
Wanderson,Left Winger,Cruzeiro Esporte Clube,Brazil,2024,31,0,2,2,0.0,2.0,0.0,0.0,0.0,2,0.07
William,Right-Back,Cruzeiro Esporte Clube,Brazil,2024,30,0,6,6,0.0,2.0,1.0,0.0,1.0,5,0.1
Yannick Bolasie,Centre-Forward,Cruzeiro Esporte Clube,DR Congo,2024,36,0,1,1,0.0,1.0,0.0,0.0,0.0,1,0.06
Ademir,Right Winger,Esporte Clube Bahia,Brazil,2024,30,2,6,8,1.0,7.0,0.0,0.0,0.0,7,0.23
Caio Alexandre,Defensive Midfield,Esporte Clube Bahia,Brazil,2024,26,0,1,1,0.0,4.0,0.0,0.0,0.0,4,0.19
Cauly,Attacking Midfield,Esporte Clube Bahia,Brazil,2024,30,1,3,4,0.0,2.0,0.0,0.0,0.0,2,0.07
David Duarte,Centre-Back,Esporte Clube Bahia,Brazil,2024,30,1,1,2,0.0,4.0,0.0,0.0,0.0,4,0.16
Erick,Defensive Midfield,Esporte Clube Bahia,Brazil,2024,28,1,0,1,0.0,3.0,0.0,0.0,0.0,3,0.19
Erick Pulga,Left Winger,Esporte Clube Bahia,Brazil,2024,25,3,3,6,0.0,4.0,0.0,0.0,0.0,4,0.17
Everton Ribeiro,Attacking Midfield,Esporte Clube Bahia,Brazil,2024,36,2,4,6,0.0,3.0,1.0,0.0,1.0,6,0.13
Gilberto,Right-Back,Esporte Clube Bahia,Brazil,2024,32,1,0,1,1.0,6.0,0.0,0.0,0.0,6,0.26
Iago,Left-Back,Esporte Clube Bahia,Brazil,2024,28,1,0,1,0.0,2.0,0.0,0.0,0.0,2,0.13
Jean Lucas,Central Midfield,Esporte Clube Bahia,Brazil,2024,27,3,1,4,0.0,3.0,0.0,2.0,2.0,13,0.15
Kayky,Right Winger,Esporte Clube Bahia,Brazil,2024,22,1,2,3,0.0,2.0,0.0,0.0,0.0,2,0.08
Luciano Juba,Left-Back,Esporte Clube Bahia,Brazil,2024,26,6,4,10,0.0,3.0,0.0,0.0,0.0,3,0.09
Luciano Rodríguez,Centre-Forward,Esporte Clube Bahia,Uruguay,2024,22,2,0,2,0.0,1.0,0.0,0.0,0.0,1,0.06
Mateo Sanabria,Left Winger,Esporte Clube Bahia,Argentina,2024,21,1,0,1,0.0,1.0,1.0,0.0,1.0,4,0.2
Michel Araújo,Right Winger,Esporte Clube Bahia,Uruguay,2024,29,4,1,5,0.0,3.0,0.0,0.0,0.0,3,0.13
Nicolás Acevedo,Defensive Midfield,Esporte Clube Bahia,Uruguay,2024,26,0,1,1,1.0,6.0,0.0,0.0,0.0,6,0.19
Rodrigo Nestor,Central Midfield,Esporte Clube Bahia,Brazil,2024,25,5,0,5,1.0,5.0,0.0,0.0,0.0,5,0.23
Ronaldo,Goalkeeper,Esporte Clube Bahia,Brazil,2024,29,0,1,1,0.0,1.0,0.0,0.0,0.0,1,0.04
Tiago,Left Winger,Esporte Clube Bahia,Brazil,2024,20,3,2,5,0.0,2.0,0.0,0.0,0.0,2,0.08
Willian José,Centre-Forward,Esporte Clube Bahia,Brazil,2024,34,11,6,17,0.0,3.0,0.0,0.0,0.0,3,0.09
Abner,Centre-Back,Esporte Clube Juventude,Brazil,2024,21,0,1,1,0.0,3.0,0.0,0.0,0.0,3,0.16
Caíque Gonçalves,Defensive Midfield,Esporte Clube Juventude,Brazil,2024,30,0,1,1,2.0,10.0,0.0,0.0,0.0,10,0.36
Daniel Peixoto,Defensive Midfield,Esporte Clube Juventude,Brazil,2024,28,1,0,1,0.0,1.0,0.0,0.0,0.0,1,0.08
Emerson Batalla,Right Winger,Esporte Clube Juventude,Colombia,2024,24,4,2,6,0.0,4.0,0.0,0.0,0.0,4,0.18
Ewerthon,Right-Back,Esporte Clube Juventude,Brazil,2024,25,1,0,1,0.0,2.0,0.0,0.0,0.0,2,0.11
Gabriel Taliari,Centre-Forward,Esporte Clube Juventude,Brazil,2024,28,8,4,12,1.0,7.0,0.0,0.0,0.0,7,0.21
Gilberto,Centre-Forward,Esporte Clube Juventude,Brazil,2024,36,2,2,4,1.0,5.0,0.0,0.0,0.0,5,0.22
Giovanny,Left Winger,Esporte Clube Juventude,Brazil,2024,28,0,2,2,0.0,2.0,0.0,0.0,0.0,2,0.11
Igor Formiga,Right-Back,Esporte Clube Juventude,Brazil,2024,26,2,2,4,0.0,1.0,0.0,1.0,1.0,6,0.11
Jádson,Central Midfield,Esporte Clube Juventude,Brazil,2024,32,0,2,2,1.0,9.0,0.0,0.0,0.0,9,0.26
Mandaca,Central Midfield,Esporte Clube Juventude,Brazil,2024,24,2,1,3,1.0,5.0,1.0,0.0,1.0,8,0.19
Marcelo Hermes,Left-Back,Esporte Clube Juventude,Brazil,2024,30,2,5,7,0.0,3.0,0.0,0.0,0.0,3,0.14
Matheus Babi,Centre-Forward,Esporte Clube Juventude,Brazil,2024,28,2,0,2,0.0,4.0,0.0,0.0,0.0,4,0.2
Nenê,Attacking Midfield,Esporte Clube Juventude,Brazil,2024,44,3,4,7,0.0,3.0,0.0,0.0,0.0,3,0.12
Rafael Bilu,Right Winger,Esporte Clube Juventude,Brazil,2024,26,1,0,1,0.0,1.0,0.0,0.0,0.0,1,0.07
Reginaldo,Right-Back,Esporte Clube Juventude,Brazil,2024,32,0,2,2,0.0,1.0,0.0,0.0,0.0,1,0.06
Rodrigo Sam,Centre-Back,Esporte Clube Juventude,Brazil,2024,30,1,0,1,1.0,8.0,0.0,0.0,0.0,8,0.44
Wilker Ángel,Centre-Back,Esporte Clube Juventude,Venezuela,2024,32,1,0,1,1.0,5.0,0.0,0.0,0.0,5,0.28
Ênio,Left Winger,Esporte Clube Juventude,Brazil,2024,24,3,0,3,0.0,3.0,0.0,0.0,0.0,3,0.12
Aitor Cantalapiedra,Right Winger,Esporte Clube Vitória,Spain,2024,29,3,3,6,0.0,2.0,0.0,0.0,0.0,2,0.11
Baralhas,Defensive Midfield,Esporte Clube Vitória,Brazil,2024,27,2,1,3,2.0,10.0,0.0,0.0,0.0,10,0.36
Carlinhos,Centre-Forward,Esporte Clube Vitória,Brazil,2024,28,1,0,1,0.0,2.0,0.0,1.0,1.0,7,0.5
Erick,Right Winger,Esporte Clube Vitória,Brazil,2024,27,3,5,8,1.0,8.0,0.0,0.0,0.0,8,0.26
Janderson,Centre-Forward,Esporte Clube Vitória,Brazil,2024,26,1,0,1,0.0,3.0,0.0,0.0,0.0,3,0.27
Lucas Braga,Left Winger,Esporte Clube Vitória,Brazil,2024,29,1,0,1,0.0,1.0,0.0,0.0,0.0,1,0.05
Lucas Halter,Centre-Back,Esporte Clube Vitória,Brazil,2024,25,4,1,5,1.0,7.0,1.0,0.0,1.0,10,0.24
Matheuzinho,Attacking Midfield,Esporte Clube Vitória,Brazil,2024,28,4,1,5,1.0,5.0,0.0,1.0,1.0,10,0.21
Osvaldo,Right Winger,Esporte Clube Vitória,Brazil,2024,38,0,2,2,0.0,3.0,0.0,0.0,0.0,3,0.11
Raúl Cáceres,Right-Back,Esporte Clube Vitória,Paraguay,2024,34,2,2,4,1.0,6.0,0.0,0.0,0.0,6,0.3
Renzo López,Centre-Forward,Esporte Clube Vitória,Uruguay,2024,31,1,0,1,0.0,4.0,0.0,0.0,0.0,4,0.17
Ronald,Defensive Midfield,Esporte Clube Vitória,Brazil,2024,28,0,2,2,1.0,7.0,0.0,0.0,0.0,7,0.24
Willian Oliveira,Defensive Midfield,Esporte Clube Vitória,Brazil,2024,32,1,0,1,1.0,8.0,0.0,0.0,0.0,8,0.4
Zé Marcos,Centre-Back,Esporte Clube Vitória,Brazil,2024,27,1,1,2,1.0,6.0,0.0,0.0,0.0,6,0.21
Agustín Canobbio,Right Winger,Fluminense Football Club,Uruguay,2024,27,4,2,6,1.0,6.0,0.0,0.0,0.0,6,0.2
Everaldo,Centre-Forward,Fluminense Football Club,Brazil,2024,34,2,0,2,0.0,2.0,0.0,0.0,0.0,2,0.07
Ganso,Attacking Midfield,Fluminense Football Club,Brazil,2024,36,1,0,1,0.0,2.0,0.0,0.0,0.0,2,0.12
Germán Cano,Centre-Forward,Fluminense Football Club,Argentina,2024,37,6,0,6,0.0,1.0,0.0,0.0,0.0,1,0.05
Guga,Right-Back,Fluminense Football Club,Brazil,2024,27,1,1,2,0.0,1.0,0.0,0.0,0.0,1,0.06
Hércules,Central Midfield,Fluminense Football Club,Brazil,2024,25,3,1,4,0.0,1.0,0.0,0.0,0.0,1,0.03
Jhon Arias,Right Winger,Fluminense Football Club,Colombia,2024,27,1,4,5,0.0,1.0,0.0,0.0,0.0,1,0.08
John Kennedy,Centre-Forward,Fluminense Football Club,Brazil,2024,23,2,1,3,0.0,1.0,0.0,0.0,0.0,1,0.06
Keno,Left Winger,Fluminense Football Club,Brazil,2024,36,1,2,3,0.0,1.0,0.0,0.0,0.0,1,0.06
Kevin Serna,Right Winger,Fluminense Football Club,Colombia,2024,27,7,5,12,0.0,3.0,0.0,0.0,0.0,3,0.09
Lima,Attacking Midfield,Fluminense Football Club,Brazil,2024,29,2,1,3,0.0,3.0,0.0,0.0,0.0,3,0.11
Luciano Acosta,Attacking Midfield,Fluminense Football Club,Argentina,2024,31,3,2,5,1.0,5.0,0.0,0.0,0.0,5,0.31
Martinelli,Defensive Midfield,Fluminense Football Club,Brazil,2024,24,3,2,5,1.0,6.0,0.0,0.0,0.0,6,0.18
Nonato,Central Midfield,Fluminense Football Club,Brazil,2024,27,2,1,3,0.0,4.0,0.0,0.0,0.0,4,0.2
Renê,Left-Back,Fluminense Football Club,Brazil,2024,33,2,0,2,0.0,3.0,0.0,0.0,0.0,3,0.11
Riquelme,Right Winger,Fluminense Football Club,Brazil,2024,18,0,1,1,0.0,1.0,0.0,0.0,0.0,1,0.17
Samuel Xavier,Right-Back,Fluminense Football Club,Brazil,2024,35,4,1,5,1.0,5.0,0.0,0.0,0.0,5,0.17
Thiago Silva,Centre-Back,Fluminense Football Club,Brazil,2024,41,2,0,2,0.0,1.0,0.0,0.0,0.0,1,0.04
Adam Bareiro,Centre-Forward,Fortaleza Esporte Clube,Paraguay,2024,29,7,2,9,1.0,6.0,1.0,0.0,1.0,9,0.33
Allanzinho,Left Winger,Fortaleza Esporte Clube,Brazil,2024,25,0,2,2,0.0,1.0,0.0,0.0,0.0,1,0.11
Benjamín Kuscevic,Centre-Back,Fortaleza Esporte Clube,Chile,2024,29,1,0,1,0.0,3.0,0.0,1.0,1.0,8,0.2
Breno Lopes,Left Winger,Fortaleza Esporte Clube,Brazil,2024,29,6,3,9,1.0,5.0,0.0,0.0,0.0,5,0.16
Bruno Pacheco,Left-Back,Fortaleza Esporte Clube,Brazil,2024,33,1,1,2,1.0,5.0,0.0,0.0,0.0,5,0.33
Calebe,Attacking Midfield,Fortaleza Esporte Clube,Brazil,2024,25,1,0,1,0.0,2.0,0.0,0.0,0.0,2,0.29
Deyverson,Centre-Forward,Fortaleza Esporte Clube,Brazil,2024,34,7,0,7,0.0,4.0,0.0,0.0,0.0,4,0.15
Diogo Barbosa,Left-Back,Fortaleza Esporte Clube,Brazil,2024,33,1,0,1,0.0,2.0,0.0,0.0,0.0,2,0.11
Emanuel Brítez,Centre-Back,Fortaleza Esporte Clube,Argentina,2024,33,0,1,1,2.0,10.0,0.0,0.0,0.0,10,0.56
Emmanuel Martínez,Attacking Midfield,Fortaleza Esporte Clube,Argentina,2024,31,1,1,2,1.0,6.0,0.0,0.0,0.0,6,0.43
Eros Mancuso,Right-Back,Fortaleza Esporte Clube,Argentina,2024,26,1,3,4,1.0,6.0,0.0,0.0,0.0,6,0.2
José Herrera,Right Winger,Fortaleza Esporte Clube,Argentina,2024,22,2,3,5,0.0,3.0,0.0,0.0,0.0,3,0.16
Juan Martín Lucero,Centre-Forward,Fortaleza Esporte Clube,Argentina,2024,34,3,1,4,1.0,6.0,0.0,0.0,0.0,6,0.22
Kervin Andrade,Attacking Midfield,Fortaleza Esporte Clube,Venezuela,2024,20,0,1,1,0.0,3.0,0.0,0.0,0.0,3,0.43
Lucas Gazal,Centre-Back,Fortaleza Esporte Clube,Brazil,2024,26,0,1,1,0.0,2.0,0.0,0.0,0.0,2,0.29
Lucas Sasha,Defensive Midfield,Fortaleza Esporte Clube,Brazil,2024,35,1,0,1,0.0,3.0,0.0,0.0,0.0,3,0.1
Lucca Prior,Attacking Midfield,Fortaleza Esporte Clube,Brazil,2024,21,2,0,2,0.0,2.0,0.0,0.0,0.0,2,0.17
Marinho,Right Winger,Fortaleza Esporte Clube,Brazil,2024,35,1,2,3,0.0,3.0,0.0,1.0,1.0,8,0.24
Matheus Pereira,Central Midfield,Fortaleza Esporte Clube,Brazil,2024,27,1,3,4,0.0,4.0,0.0,1.0,1.0,9,0.26
Moisés,Left Winger,Fortaleza Esporte Clube,Brazil,2024,29,0,1,1,0.0,1.0,0.0,0.0,0.0,1,0.08
Pol Fernández,Central Midfield,Fortaleza Esporte Clube,Argentina,2024,33,0,2,2,0.0,1.0,0.0,0.0,0.0,1,0.14
Tinga,Right-Back,Fortaleza Esporte Clube,Brazil,2024,32,1,0,1,0.0,1.0,0.0,0.0,0.0,1,0.09
Tomás Pochettino,Attacking Midfield,Fortaleza Esporte Clube,Argentina,2024,29,3,4,7,0.0,3.0,0.0,0.0,0.0,3,0.12
Yago Pikachu,Right Winger,Fortaleza Esporte Clube,Brazil,2024,33,2,1,3,0.0,2.0,0.0,0.0,0.0,2,0.06
Alexander Aravena,Left Winger,Grêmio Foot-Ball Porto Alegrense,Chile,2024,23,3,0,3,0.0,1.0,0.0,0.0,0.0,1,0.05
Alysson,Right Winger,Grêmio Foot-Ball Porto Alegrense,Brazil,2024,19,1,2,3,1.0,6.0,0.0,0.0,0.0,6,0.19
André Henrique,Centre-Forward,Grêmio Foot-Ball Porto Alegrense,Brazil,2024,23,5,2,7,0.0,3.0,0.0,0.0,0.0,3,0.12
Carlos Vinícius,Centre-Forward,Grêmio Foot-Ball Porto Alegrense,Brazil,2024,30,12,1,13,0.0,3.0,0.0,1.0,1.0,8,0.29
Cristian Olivera,Right Winger,Grêmio Foot-Ball Porto Alegrense,Uruguay,2024,23,2,0,2,0.0,3.0,0.0,0.0,0.0,3,0.14
Cristian Pavón,Right Winger,Grêmio Foot-Ball Porto Alegrense,Argentina,2024,29,0,6,6,1.0,7.0,0.0,0.0,0.0,7,0.25
Dodi,Defensive Midfield,Grêmio Foot-Ball Porto Alegrense,Brazil,2024,29,0,1,1,1.0,9.0,0.0,1.0,1.0,14,0.31
Edenilson,Central Midfield,Grêmio Foot-Ball Porto Alegrense,Brazil,2024,35,3,2,5,1.0,6.0,0.0,0.0,0.0,6,0.19
Francis Amuzu,Left Winger,Grêmio Foot-Ball Porto Alegrense,Ghana,2024,26,4,2,6,0.0,4.0,0.0,0.0,0.0,4,0.18
Franco Cristaldo,Attacking Midfield,Grêmio Foot-Ball Porto Alegrense,Argentina,2024,29,1,3,4,0.0,1.0,0.0,0.0,0.0,1,0.03
Gustavo Martins,Centre-Back,Grêmio Foot-Ball Porto Alegrense,Brazil,2024,23,2,0,2,0.0,4.0,0.0,0.0,0.0,4,0.21
Jemerson,Centre-Back,Grêmio Foot-Ball Porto Alegrense,Brazil,2024,32,1,0,1,0.0,3.0,0.0,0.0,0.0,3,0.33
Martin Braithwaite,Centre-Forward,Grêmio Foot-Ball Porto Alegrense,Denmark,2024,34,6,1,7,0.0,3.0,0.0,0.0,0.0,3,0.17
Matías Arezo,Centre-Forward,Grêmio Foot-Ball Porto Alegrense,Uruguay,2024,22,1,1,2,0.0,1.0,0.0,0.0,0.0,1,0.13
Miguel Monsalve,Attacking Midfield,Grêmio Foot-Ball Porto Alegrense,Colombia,2024,21,0,1,1,0.0,2.0,0.0,0.0,0.0,2,0.22
Tiago Volpi,Goalkeeper,Grêmio Foot-Ball Porto Alegrense,Brazil,2024,34,2,0,2,0.0,2.0,0.0,0.0,0.0,2,0.06
Wagner Leonardo,Centre-Back,Grêmio Foot-Ball Porto Alegrense,Brazil,2024,26,0,2,2,0.0,3.0,0.0,0.0,0.0,3,0.1
Aldo Filho,Central Midfield,Mirassol Futebol Clube (SP),Brazil,2024,27,0,1,1,1.0,6.0,0.0,0.0,0.0,6,0.2
Alesson,Left Winger,Mirassol Futebol Clube (SP),Brazil,2024,26,6,5,11,0.0,1.0,0.0,0.0,0.0,1,0.04
Chico Kim,Attacking Midfield,Mirassol Futebol Clube (SP),Brazil,2024,34,1,1,2,0.0,1.0,0.0,0.0,0.0,1,0.08
Chico da Costa,Centre-Forward,Mirassol Futebol Clube (SP),Brazil,2024,30,6,0,6,0.0,2.0,0.0,0.0,0.0,2,0.1
Clayson,Left Winger,Mirassol Futebol Clube (SP),Brazil,2024,30,0,1,1,0.0,2.0,0.0,0.0,0.0,2,0.33
Cristian Renato,Centre-Forward,Mirassol Futebol Clube (SP),Brazil,2024,25,5,3,8,0.0,2.0,0.0,0.0,0.0,2,0.06
Daniel Borges,Right-Back,Mirassol Futebol Clube (SP),Brazil,2024,32,2,2,4,0.0,3.0,0.0,0.0,0.0,3,0.19
Danielzinho,Central Midfield,Mirassol Futebol Clube (SP),Brazil,2024,31,0,2,2,0.0,4.0,0.0,0.0,0.0,4,0.11
Edson Carioca,Centre-Forward,Mirassol Futebol Clube (SP),Brazil,2024,28,4,2,6,0.0,1.0,0.0,0.0,0.0,1,0.05
Gabriel,Attacking Midfield,Mirassol Futebol Clube (SP),Brazil,2024,35,5,2,7,0.0,2.0,0.0,0.0,0.0,2,0.08
Guilherme,Attacking Midfield,Mirassol Futebol Clube (SP),Brazil,2024,34,2,0,2,0.0,2.0,0.0,0.0,0.0,2,0.17
Iury Castilho,Centre-Forward,Mirassol Futebol Clube (SP),Brazil,2024,29,1,0,1,0.0,2.0,0.0,0.0,0.0,2,0.22
Jemmes,Centre-Back,Mirassol Futebol Clube (SP),Brazil,2024,25,2,0,2,0.0,3.0,0.0,0.0,0.0,3,0.08
João Victor,Centre-Back,Mirassol Futebol Clube (SP),Brazil,2024,28,2,1,3,1.0,8.0,0.0,1.0,1.0,13,0.26
Lucas Ramon,Right-Back,Mirassol Futebol Clube (SP),Brazil,2024,31,2,3,5,1.0,8.0,0.0,0.0,0.0,8,0.26
Negueba,Right Winger,Mirassol Futebol Clube (SP),Brazil,2024,26,7,3,10,0.0,3.0,0.0,0.0,0.0,3,0.09
Neto Moura,Defensive Midfield,Mirassol Futebol Clube (SP),Brazil,2024,29,1,0,1,2.0,10.0,0.0,0.0,0.0,10,0.29
Reinaldo,Left-Back,Mirassol Futebol Clube (SP),Brazil,2024,36,13,6,19,1.0,6.0,0.0,0.0,0.0,6,0.18
Renato Marques,Centre-Forward,Mirassol Futebol Clube (SP),Brazil,2024,21,1,0,1,0.0,1.0,0.0,0.0,0.0,1,0.14
Eduardo Sasha,Centre-Forward,Red Bull Bragantino,Brazil,2024,33,8,3,11,1.0,8.0,0.0,1.0,1.0,13,0.27
Eric Ramires,Central Midfield,Red Bull Bragantino,Brazil,2024,25,2,1,3,0.0,3.0,0.0,0.0,0.0,3,0.1
Fabinho,Defensive Midfield,Red Bull Bragantino,Brazil,2024,23,0,1,1,0.0,3.0,0.0,0.0,0.0,3,0.11
Gabriel,Defensive Midfield,Red Bull Bragantino,Brazil,2024,33,1,0,1,2.0,11.0,0.0,0.0,0.0,11,0.33
Guilherme Lopes,Left-Back,Red Bull Bragantino,Brazil,2024,23,1,1,2,0.0,2.0,0.0,0.0,0.0,2,0.18
Gustavo Marques,Centre-Back,Red Bull Bragantino,Brazil,2024,24,1,0,1,0.0,2.0,0.0,0.0,0.0,2,0.14
Guzmán Rodríguez,Centre-Back,Red Bull Bragantino,Uruguay,2024,25,1,0,1,1.0,5.0,0.0,0.0,0.0,5,0.22
Ignacio Laquintana,Right Winger,Red Bull Bragantino,Uruguay,2024,26,4,3,7,0.0,1.0,0.0,0.0,0.0,1,0.04
Isidro Pitta,Centre-Forward,Red Bull Bragantino,Paraguay,2024,26,7,2,9,1.0,6.0,0.0,0.0,0.0,6,0.25
Jhon Jhon,Attacking Midfield,Red Bull Bragantino,Brazil,2024,23,10,7,17,2.0,11.0,0.0,0.0,0.0,11,0.32
José Andrés Hurtado,Right-Back,Red Bull Bragantino,Ecuador,2024,23,1,0,1,0.0,2.0,0.0,1.0,1.0,7,0.11
Juninho Capixaba,Left-Back,Red Bull Bragantino,Brazil,2024,28,1,1,2,0.0,4.0,0.0,0.0,0.0,4,0.17
Lucas Barbosa,Right Winger,Red Bull Bragantino,Brazil,2024,24,4,3,7,1.0,8.0,1.0,0.0,1.0,11,0.26
Matheus Fernandes,Defensive Midfield,Red Bull Bragantino,Brazil,2024,27,1,0,1,0.0,3.0,0.0,0.0,0.0,3,0.15
Nathan Mendes,Right-Back,Red Bull Bragantino,Brazil,2024,23,0,1,1,0.0,3.0,0.0,0.0,0.0,3,0.16
Pedro Henrique,Centre-Back,Red Bull Bragantino,Brazil,2024,30,1,1,2,1.0,6.0,0.0,0.0,0.0,6,0.19
Thiago Borbas,Centre-Forward,Red Bull Bragantino,Uruguay,2024,23,1,1,2,0.0,4.0,0.0,0.0,0.0,4,0.21
Vinicinho,Left Winger,Red Bull Bragantino,Brazil,2024,21,0,3,3,0.0,2.0,0.0,0.0,0.0,2,0.09
Benjamín Rollheiser,Right Winger,Santos FC,Argentina,2024,25,2,3,5,1.0,7.0,0.0,0.0,0.0,7,0.19
Diego Pituca,Central Midfield,Santos FC,Brazil,2024,32,1,0,1,0.0,2.0,0.0,0.0,0.0,2,0.2
Gabriel Bontempo,Central Midfield,Santos FC,Brazil,2024,20,2,1,3,0.0,1.0,0.0,0.0,0.0,1,0.04
Guilherme,Left Winger,Santos FC,Brazil,2024,30,4,7,11,0.0,1.0,0.0,0.0,0.0,1,0.03
Gustavo Caballero,Left Winger,Santos FC,Paraguay,2024,24,1,1,2,0.0,1.0,0.0,0.0,0.0,1,0.08
João Basso,Centre-Back,Santos FC,Brazil,2024,28,1,0,1,0.0,2.0,0.0,0.0,0.0,2,0.33
João Schmidt,Defensive Midfield,Santos FC,Brazil,2024,32,2,2,4,1.0,7.0,0.0,0.0,0.0,7,0.23
Neymar,Attacking Midfield,Santos FC,Brazil,2024,33,8,1,9,1.0,5.0,1.0,0.0,1.0,8,0.3
Souza,Left-Back,Santos FC,Brazil,2024,19,1,2,3,0.0,4.0,0.0,0.0,0.0,4,0.17
Thaciano,Attacking Midfield,Santos FC,Brazil,2024,30,3,0,3,0.0,2.0,0.0,0.0,0.0,2,0.11
Tiquinho Soares,Centre-Forward,Santos FC,Brazil,2024,34,2,3,5,0.0,3.0,0.0,0.0,0.0,3,0.11
Zé Ivaldo,Centre-Back,Santos FC,Brazil,2024,28,1,0,1,1.0,6.0,1.0,0.0,1.0,9,0.33
Zé Rafael,Central Midfield,Santos FC,Brazil,2024,32,1,0,1,1.0,6.0,0.0,0.0,0.0,6,0.22
Álvaro Barreal,Left Winger,Santos FC,Argentina,2024,25,9,1,10,0.0,2.0,0.0,0.0,0.0,2,0.06
Allan,Right Winger,Sociedade Esportiva Palmeiras,Brazil,2024,21,2,3,5,0.0,0.0,0.0,1.0,1.0,5,0.04
Andreas Pereira,Central Midfield,Sociedade Esportiva Palmeiras,Brazil,2024,29,2,0,2,0.0,4.0,0.0,1.0,1.0,9,0.33
Aníbal Moreno,Defensive Midfield,Sociedade Esportiva Palmeiras,Argentina,2024,26,0,1,1,1.0,9.0,0.0,0.0,0.0,9,0.32
Bruno Fuchs,Centre-Back,Sociedade Esportiva Palmeiras,Brazil,2024,26,2,1,3,1.0,5.0,0.0,0.0,0.0,5,0.19
Emiliano Martínez,Defensive Midfield,Sociedade Esportiva Palmeiras,Uruguay,2024,26,1,0,1,0.0,3.0,0.0,0.0,0.0,3,0.12
Estêvão,Right Winger,Sociedade Esportiva Palmeiras,Brazil,2024,18,0,3,3,0.0,3.0,0.0,0.0,0.0,3,0.27
Facundo Torres,Right Winger,Sociedade Esportiva Palmeiras,Uruguay,2024,25,6,3,9,0.0,3.0,0.0,0.0,0.0,3,0.1
Gustavo Gómez,Centre-Back,Sociedade Esportiva Palmeiras,Paraguay,2024,32,2,1,3,1.0,8.0,0.0,0.0,0.0,8,0.3
Joaquín Piquerez,Left-Back,Sociedade Esportiva Palmeiras,Uruguay,2024,27,3,1,4,0.0,2.0,0.0,2.0,2.0,12,0.13
José Manuel López,Centre-Forward,Sociedade Esportiva Palmeiras,Argentina,2024,25,12,2,14,1.0,5.0,0.0,0.0,0.0,5,0.15
Khellven,Right-Back,Sociedade Esportiva Palmeiras,Brazil,2024,24,0,2,2,0.0,1.0,0.0,0.0,0.0,1,0.08
Lucas Evangelista,Central Midfield,Sociedade Esportiva Palmeiras,Brazil,2024,30,2,1,3,0.0,2.0,0.0,0.0,0.0,2,0.11
Luighi,Centre-Forward,Sociedade Esportiva Palmeiras,Brazil,2024,19,1,0,1,0.0,1.0,0.0,0.0,0.0,1,0.09
Mauricio,Attacking Midfield,Sociedade Esportiva Palmeiras,Paraguay,2024,24,3,7,10,0.0,1.0,0.0,0.0,0.0,1,0.03
Micael,Centre-Back,Sociedade Esportiva Palmeiras,Brazil,2024,25,0,1,1,0.0,4.0,0.0,0.0,0.0,4,0.25
Murilo,Centre-Back,Sociedade Esportiva Palmeiras,Brazil,2024,28,1,1,2,1.0,6.0,0.0,0.0,0.0,6,0.3
Raphael Veiga,Attacking Midfield,Sociedade Esportiva Palmeiras,Brazil,2024,30,2,4,6,0.0,3.0,0.0,0.0,0.0,3,0.12
Richard Ríos,Defensive Midfield,Sociedade Esportiva Palmeiras,Colombia,2024,25,0,2,2,0.0,4.0,0.0,0.0,0.0,4,0.4
Vitor Roque,Centre-Forward,Sociedade Esportiva Palmeiras,Brazil,2024,20,16,3,19,0.0,4.0,0.0,0.0,0.0,4,0.12
André Carrillo,Central Midfield,Sport Club Corinthians Paulista,Peru,2024,34,1,0,1,0.0,3.0,0.0,0.0,0.0,3,0.14
Breno Bidon,Central Midfield,Sport Club Corinthians Paulista,Brazil,2024,20,1,1,2,1.0,8.0,1.0,0.0,1.0,11,0.27
Cacá,Centre-Back,Sport Club Corinthians Paulista,Brazil,2024,26,2,0,2,0.0,4.0,0.0,0.0,0.0,4,0.22
Charles,Defensive Midfield,Sport Club Corinthians Paulista,Brazil,2024,29,1,0,1,0.0,3.0,0.0,1.0,1.0,8,0.24
Gui Negão,Centre-Forward,Sport Club Corinthians Paulista,Brazil,2024,18,3,1,4,0.0,3.0,0.0,0.0,0.0,3,0.14
Gustavo Henrique,Centre-Back,Sport Club Corinthians Paulista,Brazil,2024,32,3,0,3,1.0,5.0,0.0,0.0,0.0,5,0.22
Igor Coronado,Attacking Midfield,Sport Club Corinthians Paulista,Italy,2024,32,1,0,1,0.0,1.0,0.0,0.0,0.0,1,0.17
José Martínez,Defensive Midfield,Sport Club Corinthians Paulista,Venezuela,2024,31,1,1,2,1.0,9.0,1.0,1.0,2.0,17,0.46
João Pedro Tchoca,Centre-Back,Sport Club Corinthians Paulista,Brazil,2024,21,0,1,1,0.0,4.0,0.0,0.0,0.0,4,0.25
Matheus Bidu,Left-Back,Sport Club Corinthians Paulista,Brazil,2024,26,0,2,2,1.0,8.0,0.0,0.0,0.0,8,0.31
Matheuzinho,Right-Back,Sport Club Corinthians Paulista,Brazil,2024,25,2,3,5,2.0,12.0,0.0,0.0,0.0,12,0.39
Maycon,Central Midfield,Sport Club Corinthians Paulista,Brazil,2024,28,3,0,3,0.0,4.0,0.0,0.0,0.0,4,0.16
Memphis Depay,Centre-Forward,Sport Club Corinthians Paulista,Netherlands,2024,31,6,3,9,0.0,4.0,0.0,0.0,0.0,4,0.17
Raniele,Defensive Midfield,Sport Club Corinthians Paulista,Brazil,2024,28,2,1,3,1.0,7.0,0.0,0.0,0.0,7,0.23
Rodrigo Garro,Attacking Midfield,Sport Club Corinthians Paulista,Argentina,2024,27,0,3,3,1.0,6.0,0.0,0.0,0.0,6,0.32
Talles Magno,Left Winger,Sport Club Corinthians Paulista,Brazil,2024,23,1,1,2,0.0,2.0,0.0,0.0,0.0,2,0.08
Yuri Alberto,Centre-Forward,Sport Club Corinthians Paulista,Brazil,2024,24,10,2,12,0.0,3.0,0.0,0.0,0.0,3,0.12
Ángel Romero,Right Winger,Sport Club Corinthians Paulista,Paraguay,2024,33,0,1,1,0.0,3.0,0.0,1.0,1.0,8,0.15
Alan Patrick,Attacking Midfield,Sport Club Internacional,Brazil,2024,34,11,7,18,1.0,6.0,0.0,0.0,0.0,6,0.2
Alan Rodríguez,Central Midfield,Sport Club Internacional,Uruguay,2024,25,0,1,1,0.0,2.0,0.0,0.0,0.0,2,0.13
Alexandro Bernabei,Left-Back,Sport Club Internacional,Argentina,2024,25,0,4,4,1.0,8.0,1.0,0.0,1.0,11,0.3
Braian Aguirre,Right-Back,Sport Club Internacional,Argentina,2024,25,1,0,1,0.0,4.0,0.0,0.0,0.0,4,0.13
Bruno Gomes,Right-Back,Sport Club Internacional,Brazil,2024,24,0,2,2,0.0,2.0,0.0,0.0,0.0,2,0.14
Bruno Henrique,Central Midfield,Sport Club Internacional,Brazil,2024,36,2,0,2,0.0,1.0,1.0,0.0,1.0,4,0.07
Bruno Tabata,Right Winger,Sport Club Internacional,Brazil,2024,28,3,0,3,0.0,4.0,0.0,1.0,1.0,9,0.21
Enner Valencia,Centre-Forward,Sport Club Internacional,Ecuador,2024,35,1,0,1,0.0,3.0,0.0,0.0,0.0,3,0.21
Gabriel Mercado,Centre-Back,Sport Club Internacional,Argentina,2024,38,1,0,1,0.0,4.0,0.0,0.0,0.0,4,0.29
Gustavo Prado,Left Winger,Sport Club Internacional,Brazil,2024,20,1,0,1,0.0,2.0,0.0,0.0,0.0,2,0.11
Johan Carbonero,Left Winger,Sport Club Internacional,Colombia,2024,26,5,2,7,1.0,6.0,0.0,1.0,1.0,11,0.3
Rafael Santos Borré,Centre-Forward,Sport Club Internacional,Colombia,2024,30,5,2,7,0.0,3.0,0.0,1.0,1.0,8,0.13
Ricardo Mathias,Centre-Forward,Sport Club Internacional,Brazil,2024,19,5,1,6,0.0,1.0,0.0,0.0,0.0,1,0.05
Thiago Maia,Defensive Midfield,Sport Club Internacional,Brazil,2024,28,2,1,3,0.0,3.0,0.0,0.0,0.0,3,0.1
Victor Gabriel,Centre-Back,Sport Club Internacional,Brazil,2024,21,2,0,2,0.0,1.0,0.0,0.0,0.0,1,0.07
Vitinho,Left Winger,Sport Club Internacional,Brazil,2024,26,5,1,6,0.0,4.0,0.0,0.0,0.0,4,0.15
Vitão,Centre-Back,Sport Club Internacional,Brazil,2024,25,0,2,2,1.0,5.0,0.0,0.0,0.0,5,0.16
Wesley,Left Winger,Sport Club Internacional,Brazil,2024,26,0,3,3,0.0,2.0,0.0,0.0,0.0,2,0.11
Óscar Romero,Attacking Midfield,Sport Club Internacional,Paraguay,2024,33,0,1,1,0.0,3.0,0.0,0.0,0.0,3,0.18
Chrystian Barletta,Right Winger,Sport Club do Recife,Brazil,2024,24,2,0,2,0.0,2.0,0.0,0.0,0.0,2,0.06
Derik Lacerda,Centre-Forward,Sport Club do Recife,Brazil,2024,26,6,0,6,1.0,8.0,0.0,0.0,0.0,8,0.47
Hereda,Right-Back,Sport Club do Recife,Brazil,2024,26,0,1,1,0.0,1.0,0.0,0.0,0.0,1,0.09
Hyoran,Attacking Midfield,Sport Club do Recife,Brazil,2024,32,0,1,1,0.0,2.0,0.0,0.0,0.0,2,0.17
Igor Cariús,Left-Back,Sport Club do Recife,Brazil,2024,32,1,0,1,0.0,3.0,0.0,0.0,0.0,3,0.11
Lucas Lima,Attacking Midfield,Sport Club do Recife,Brazil,2024,35,4,6,10,2.0,11.0,0.0,0.0,0.0,11,0.33
Matheus Alexandre,Right-Back,Sport Club do Recife,Brazil,2024,26,0,1,1,1.0,7.0,1.0,0.0,1.0,10,0.31
Matheusinho,Attacking Midfield,Sport Club do Recife,Brazil,2024,27,2,4,6,0.0,1.0,0.0,1.0,1.0,6,0.08
Pablo,Centre-Forward,Sport Club do Recife,Brazil,2024,33,3,1,4,0.0,1.0,0.0,0.0,0.0,1,0.05
Rafael Thyere,Centre-Back,Sport Club do Recife,Brazil,2024,32,1,0,1,0.0,2.0,0.0,0.0,0.0,2,0.08
Sérgio Oliveira,Central Midfield,Sport Club do Recife,Portugal,2024,33,1,1,2,1.0,5.0,0.0,0.0,0.0,5,0.26
Alisson,Central Midfield,São Paulo Futebol Clube,Brazil,2024,32,0,1,1,1.0,6.0,0.0,0.0,0.0,6,0.19
André Silva,Centre-Forward,São Paulo Futebol Clube,Brazil,2024,28,5,2,7,1.0,5.0,0.0,0.0,0.0,5,0.25
Cédric Soares,Right-Back,São Paulo Futebol Clube,Portugal,2024,34,0,3,3,0.0,2.0,0.0,0.0,0.0,2,0.08
Damián Bobadilla,Central Midfield,São Paulo Futebol Clube,Paraguay,2024,24,4,2,6,1.0,6.0,0.0,0.0,0.0,6,0.19
Emiliano Rigoni,Right Winger,São Paulo Futebol Clube,Argentina,2024,32,1,0,1,0.0,1.0,0.0,1.0,1.0,6,0.2
Enzo Díaz,Left-Back,São Paulo Futebol Clube,Argentina,2024,29,0,5,5,2.0,10.0,0.0,0.0,0.0,10,0.37
Ferreirinha,Left Winger,São Paulo Futebol Clube,Brazil,2024,27,5,4,9,0.0,4.0,0.0,0.0,0.0,4,0.14
Gonzalo Tapia,Centre-Forward,São Paulo Futebol Clube,Chile,2024,23,5,0,5,0.0,4.0,0.0,0.0,0.0,4,0.2
Luciano,Centre-Forward,São Paulo Futebol Clube,Brazil,2024,32,9,4,13,2.0,10.0,0.0,0.0,0.0,10,0.31
Maik,Right-Back,São Paulo Futebol Clube,Brazil,2024,20,2,2,4,0.0,3.0,0.0,0.0,0.0,3,0.33
Marcos Antônio,Central Midfield,São Paulo Futebol Clube,Brazil,2024,25,0,4,4,0.0,4.0,0.0,0.0,0.0,4,0.14
Matheus Alves,Attacking Midfield,São Paulo Futebol Clube,Brazil,2024,20,0,1,1,0.0,3.0,0.0,0.0,0.0,3,0.38
Nahuel Ferraresi,Centre-Back,São Paulo Futebol Clube,Venezuela,2024,27,0,3,3,0.0,3.0,0.0,0.0,0.0,3,0.13
Pablo Maia,Defensive Midfield,São Paulo Futebol Clube,Brazil,2024,23,1,0,1,0.0,4.0,0.0,0.0,0.0,4,0.16
Robert Arboleda,Centre-Back,São Paulo Futebol Clube,Ecuador,2024,34,3,0,3,0.0,4.0,0.0,0.0,0.0,4,0.17
Sabino,Centre-Back,São Paulo Futebol Clube,Brazil,2024,29,2,0,2,0.0,3.0,0.0,0.0,0.0,3,0.1
Bruno Pacheco,Left-Back,Associação Chapecoense de Futebol,Brazil,2025,34,1,3,4,0.0,3.0,0.0,0.0,0.0,3,0.17
Carvalheira,Defensive Midfield,Associação Chapecoense de Futebol,Brazil,2025,27,2,0,2,0.0,2.0,0.0,0.0,0.0,2,0.14
Doma,Centre-Back,Associação Chapecoense de Futebol,Brazil,2025,28,1,0,1,1.0,5.0,0.0,1.0,1.0,10,0.24
Everton,Right-Back,Associação Chapecoense de Futebol,Brazil,2025,31,0,1,1,0.0,4.0,1.0,0.0,1.0,7,0.24
Giovanni Augusto,Attacking Midfield,Associação Chapecoense de Futebol,Brazil,2025,37,1,5,6,0.0,2.0,0.0,0.0,0.0,2,0.11
Higor Meritão,Defensive Midfield,Associação Chapecoense de Futebol,Brazil,2025,31,1,0,1,0.0,1.0,0.0,0.0,0.0,1,0.09
Jean Carlos,Attacking Midfield,Associação Chapecoense de Futebol,Brazil,2025,34,2,2,4,0.0,1.0,0.0,0.0,0.0,1,0.06
João Paulo,Centre-Back,Associação Chapecoense de Futebol,Brazil,2025,28,1,0,1,0.0,3.0,0.0,0.0,0.0,3,0.5
Marcinho,Right Winger,Associação Chapecoense de Futebol,Brazil,2025,31,5,2,7,0.0,2.0,0.0,0.0,0.0,2,0.08
Marcos Vinícius,Right-Back,Associação Chapecoense de Futebol,Brazil,2025,29,0,1,1,0.0,2.0,0.0,0.0,0.0,2,0.2
Neto Pessoa,Centre-Forward,Associação Chapecoense de Futebol,Brazil,2025,32,2,1,3,0.0,1.0,0.0,0.0,0.0,1,0.1
Rubens,Right Winger,Associação Chapecoense de Futebol,Brazil,2025,23,1,0,1,0.0,2.0,0.0,0.0,0.0,2,0.18
Tulio Eduardo,Centre-Forward,Associação Chapecoense de Futebol,Brazil,2025,21,3,0,3,0.0,1.0,0.0,0.0,0.0,1,0.14
Yago Felipe,Central Midfield,Associação Chapecoense de Futebol,Brazil,2025,31,0,1,1,0.0,2.0,0.0,0.0,0.0,2,0.33
Yannick Bolasie,Centre-Forward,Associação Chapecoense de Futebol,DR Congo,2025,37,1,2,3,0.0,4.0,0.0,0.0,0.0,4,0.2
Ênio,Left Winger,Associação Chapecoense de Futebol,Brazil,2025,25,1,0,1,0.0,2.0,0.0,0.0,0.0,2,0.14
Alex Telles,Left-Back,Botafogo de Futebol e Regatas,Brazil,2025,33,3,4,7,0.0,4.0,0.0,0.0,0.0,4,0.16
Arthur Cabral,Centre-Forward,Botafogo de Futebol e Regatas,Brazil,2025,28,7,1,8,0.0,3.0,0.0,1.0,1.0,8,0.17
Cristian Medina,Central Midfield,Botafogo de Futebol e Regatas,Argentina,2025,24,1,0,1,0.0,4.0,0.0,1.0,1.0,9,0.25
Danilo,Central Midfield,Botafogo de Futebol e Regatas,Brazil,2025,25,9,2,11,0.0,2.0,0.0,0.0,0.0,2,0.1
Danilo,Centre-Forward,Botafogo de Futebol e Regatas,Brazil,2025,27,0,1,1,0.0,2.0,0.0,0.0,0.0,2,0.1
Gabriel Justino,Centre-Back,Botafogo de Futebol e Regatas,Brazil,2025,20,1,0,1,0.0,4.0,0.0,0.0,0.0,4,0.31
Huguinho,Defensive Midfield,Botafogo de Futebol e Regatas,Brazil,2025,19,1,0,1,1.0,5.0,0.0,0.0,0.0,5,0.38
Joaquín Correa,Second Striker,Botafogo de Futebol e Regatas,Argentina,2025,31,0,1,1,0.0,3.0,0.0,0.0,0.0,3,0.5
Kadir Barría,Centre-Forward,Botafogo de Futebol e Regatas,Panama,2025,19,1,1,2,0.0,3.0,0.0,0.0,0.0,3,0.21
Kauan Toledo,Right Winger,Botafogo de Futebol e Regatas,Brazil,2025,20,0,2,2,0.0,1.0,0.0,0.0,0.0,1,0.11
Lucas Villalba,Right Winger,Botafogo de Futebol e Regatas,Uruguay,2025,25,1,1,2,0.0,2.0,0.0,0.0,0.0,2,0.12
Mateo Ponte,Right-Back,Botafogo de Futebol e Regatas,Uruguay,2025,23,0,1,1,0.0,4.0,0.0,0.0,0.0,4,0.33
Matheus Martins,Left Winger,Botafogo de Futebol e Regatas,Brazil,2025,23,4,0,4,0.0,2.0,0.0,0.0,0.0,2,0.1
Santiago Rodríguez,Attacking Midfield,Botafogo de Futebol e Regatas,Uruguay,2025,26,2,0,2,0.0,1.0,0.0,0.0,0.0,1,0.07
Vitinho,Right-Back,Botafogo de Futebol e Regatas,Brazil,2025,27,1,3,4,0.0,3.0,0.0,0.0,0.0,3,0.12
Álvaro Montoro,Left Winger,Botafogo de Futebol e Regatas,Argentina,2025,19,1,5,6,1.0,5.0,0.0,0.0,0.0,5,0.2
Bruno Henrique,Centre-Forward,CR Flamengo,Brazil,2025,35,2,3,5,0.0,4.0,0.0,0.0,0.0,4,0.19
Erick Pulgar,Defensive Midfield,CR Flamengo,Chile,2025,32,2,0,2,1.0,6.0,0.0,1.0,1.0,11,0.39
Evertton Araújo,Defensive Midfield,CR Flamengo,Brazil,2025,23,0,1,1,0.0,4.0,0.0,1.0,1.0,9,0.25
Giorgian de Arrascaeta,Attacking Midfield,CR Flamengo,Uruguay,2025,32,3,4,7,0.0,2.0,0.0,0.0,0.0,2,0.1
Gonzalo Plata,Right Winger,CR Flamengo,Ecuador,2025,25,2,3,5,0.0,2.0,0.0,0.0,0.0,2,0.13
Guillermo Varela,Right-Back,CR Flamengo,Uruguay,2025,33,1,3,4,0.0,4.0,0.0,0.0,0.0,4,0.19
Jorge Carrascal,Attacking Midfield,CR Flamengo,Colombia,2025,28,5,7,12,0.0,2.0,0.0,2.0,2.0,12,0.18
Jorginho,Defensive Midfield,CR Flamengo,Italy,2025,34,2,3,5,0.0,4.0,0.0,1.0,1.0,9,0.23
Lucas Paquetá,Attacking Midfield,CR Flamengo,Brazil,2025,29,5,0,5,0.0,3.0,0.0,0.0,0.0,3,0.16
Luiz Araújo,Right Winger,CR Flamengo,Brazil,2025,30,2,1,3,0.0,2.0,0.0,0.0,0.0,2,0.13
Léo Pereira,Centre-Back,CR Flamengo,Brazil,2025,30,2,1,3,1.0,6.0,0.0,0.0,0.0,6,0.26
Pedro,Centre-Forward,CR Flamengo,Brazil,2025,29,16,5,21,0.0,1.0,0.0,0.0,0.0,1,0.04
Samuel Lino,Left Winger,CR Flamengo,Brazil,2025,26,9,7,16,0.0,3.0,0.0,0.0,0.0,3,0.11
Arthur Dias,Centre-Back,Club Athletico Paranaense,Brazil,2025,19,1,0,1,1.0,7.0,0.0,0.0,0.0,7,0.27
Bruno Zapelli,Attacking Midfield,Club Athletico Paranaense,Argentina,2025,24,0,1,1,0.0,4.0,0.0,1.0,1.0,9,0.26
Dantas,Centre-Back,Club Athletico Paranaense,Brazil,2025,22,0,1,1,0.0,2.0,0.0,0.0,0.0,2,0.33
Gastón Benavídez,Right-Back,Club Athletico Paranaense,Argentina,2025,30,1,5,6,1.0,6.0,0.0,0.0,0.0,6,0.27
Jorge Rivaldo,Centre-Forward,Club Athletico Paranaense,Colombia,2025,22,1,0,1,0.0,1.0,0.0,0.0,0.0,1,0.25
João Cruz,Central Midfield,Club Athletico Paranaense,Brazil,2025,20,2,5,7,0.0,3.0,0.0,0.0,0.0,3,0.14
Juan Felipe Aguirre,Centre-Back,Club Athletico Paranaense,Colombia,2025,30,1,0,1,0.0,3.0,0.0,0.0,0.0,3,0.13
Julimar,Left Winger,Club Athletico Paranaense,Brazil,2025,25,3,1,4,0.0,2.0,0.0,0.0,0.0,2,0.15
Jádson,Central Midfield,Club Athletico Paranaense,Brazil,2025,33,0,1,1,1.0,5.0,0.0,0.0,0.0,5,0.23
Kevin Viveros,Centre-Forward,Club Athletico Paranaense,Colombia,2025,26,18,3,21,1.0,6.0,0.0,0.0,0.0,6,0.23
Leozinho,Right Winger,Club Athletico Paranaense,Brazil,2025,27,4,0,4,0.0,1.0,0.0,0.0,0.0,1,0.07
Lucas Esquivel,Left-Back,Club Athletico Paranaense,Argentina,2025,24,2,5,7,0.0,1.0,0.0,1.0,1.0,6,0.11
Luiz Gustavo,Defensive Midfield,Club Athletico Paranaense,Brazil,2025,39,3,0,3,0.0,4.0,0.0,0.0,0.0,4,0.18
Alan Franco,Central Midfield,Clube Atlético Mineiro,Ecuador,2025,28,0,1,1,1.0,5.0,0.0,0.0,0.0,5,0.25
Angelo Preciado,Right-Back,Clube Atlético Mineiro,Ecuador,2025,28,0,1,1,0.0,4.0,0.0,0.0,0.0,4,0.36
Igor Gomes,Attacking Midfield,Clube Atlético Mineiro,Brazil,2025,27,1,1,2,0.0,1.0,0.0,0.0,0.0,1,0.11
Iván Román,Centre-Back,Clube Atlético Mineiro,Chile,2025,19,1,0,1,0.0,3.0,0.0,0.0,0.0,3,0.5
Mamady Cissé,Central Midfield,Clube Atlético Mineiro,Guinea,2025,19,1,0,1,0.0,2.0,0.0,0.0,0.0,2,0.13
Mateo Cassierra,Centre-Forward,Clube Atlético Mineiro,Colombia,2025,29,3,2,5,0.0,1.0,0.0,0.0,0.0,1,0.05
Natanael,Right-Back,Clube Atlético Mineiro,Brazil,2025,24,0,1,1,0.0,0.0,0.0,1.0,1.0,5,0.06
Reinier,Attacking Midfield,Clube Atlético Mineiro,Brazil,2025,24,4,2,6,0.0,1.0,0.0,0.0,0.0,1,0.05
Renan Lodi,Left-Back,Clube Atlético Mineiro,Brazil,2025,28,0,3,3,0.0,4.0,0.0,1.0,1.0,9,0.22
Ruan,Centre-Back,Clube Atlético Mineiro,Brazil,2025,27,2,0,2,1.0,7.0,0.0,0.0,0.0,7,0.35
Tomás Cuello,Left Winger,Clube Atlético Mineiro,Argentina,2025,26,5,2,7,0.0,2.0,0.0,0.0,0.0,2,0.09
Victor Hugo,Central Midfield,Clube Atlético Mineiro,Brazil,2025,22,4,1,5,0.0,1.0,0.0,0.0,0.0,1,0.05
Vitor Hugo,Centre-Back,Clube Atlético Mineiro,Brazil,2025,35,2,0,2,0.0,2.0,0.0,0.0,0.0,2,0.14
Vitão,Centre-Back,Clube Atlético Mineiro,Brazil,2025,18,1,0,1,0.0,1.0,0.0,0.0,0.0,1,0.2
Alan Saldivia,Centre-Back,Clube de Regatas Vasco da Gama,Uruguay,2025,24,0,1,1,0.0,3.0,0.0,0.0,0.0,3,0.25
Andrés Gómez,Left Winger,Clube de Regatas Vasco da Gama,Colombia,2025,24,5,2,7,1.0,9.0,0.0,0.0,0.0,9,0.38
Brenner,Centre-Forward,Clube de Regatas Vasco da Gama,Brazil,2025,26,1,1,2,0.0,1.0,0.0,0.0,0.0,1,0.07
Carlos Cuesta,Centre-Back,Clube de Regatas Vasco da Gama,Colombia,2025,27,0,1,1,0.0,1.0,0.0,1.0,1.0,6,0.13
Cauan Barros,Defensive Midfield,Clube de Regatas Vasco da Gama,Brazil,2025,22,3,0,3,1.0,5.0,0.0,1.0,1.0,10,0.32
Cuiabano,Left-Back,Clube de Regatas Vasco da Gama,Brazil,2025,23,1,4,5,0.0,4.0,0.0,0.0,0.0,4,0.24
Facundo Colidio,Centre-Forward,Clube de Regatas Vasco da Gama,Argentina,2025,26,3,0,3,0.0,1.0,0.0,0.0,0.0,1,0.17
Johan Rojas,Attacking Midfield,Clube de Regatas Vasco da Gama,Colombia,2025,23,0,1,1,0.0,3.0,0.0,0.0,0.0,3,0.17
José Luis Rodríguez,Right-Back,Clube de Regatas Vasco da Gama,Uruguay,2025,29,2,4,6,0.0,3.0,0.0,0.0,0.0,3,0.17
Nuno Moreira,Right Winger,Clube de Regatas Vasco da Gama,Portugal,2025,27,1,1,2,0.0,3.0,0.0,0.0,0.0,3,0.16
Paulo Henrique,Right-Back,Clube de Regatas Vasco da Gama,Brazil,2025,30,0,2,2,1.0,5.0,0.0,0.0,0.0,5,0.26
Robert Renan,Centre-Back,Clube de Regatas Vasco da Gama,Brazil,2025,22,1,0,1,0.0,4.0,0.0,0.0,0.0,4,0.15
Tchê Tchê,Central Midfield,Clube de Regatas Vasco da Gama,Brazil,2025,34,2,0,2,0.0,3.0,0.0,0.0,0.0,3,0.15
Thiago Mendes,Defensive Midfield,Clube de Regatas Vasco da Gama,Brazil,2025,34,5,1,6,1.0,8.0,0.0,0.0,0.0,8,0.33
Alef Manga,Left Winger,Clube do Remo (PA),Brazil,2025,31,5,3,8,0.0,1.0,0.0,0.0,0.0,1,0.04
Diego Hernández,Left Winger,Clube do Remo (PA),Uruguay,2025,25,0,1,1,0.0,2.0,0.0,0.0,0.0,2,0.22
Gabriel Taliari,Centre-Forward,Clube do Remo (PA),Brazil,2025,29,4,0,4,0.0,1.0,0.0,0.0,0.0,1,0.06
Jajá,Left Winger,Clube do Remo (PA),Brazil,2025,27,7,1,8,0.0,2.0,0.0,1.0,1.0,7,0.14
João Pedro,Centre-Forward,Clube do Remo (PA),Guinea-Bissau,2025,29,1,0,1,0.0,2.0,0.0,0.0,0.0,2,0.33
Leonel Picco,Defensive Midfield,Clube do Remo (PA),Argentina,2025,27,2,1,3,0.0,2.0,0.0,0.0,0.0,2,0.08
Marcelinho,Right-Back,Clube do Remo (PA),Brazil,2025,28,2,1,3,0.0,3.0,0.0,0.0,0.0,3,0.13
Marllon,Centre-Back,Clube do Remo (PA),Brazil,2025,34,2,1,3,1.0,5.0,0.0,0.0,0.0,5,0.19
Tchamba,Centre-Back,Clube do Remo (PA),Cameroon,2025,28,0,1,1,0.0,1.0,0.0,0.0,0.0,1,0.05
Vitor Bueno,Attacking Midfield,Clube do Remo (PA),Brazil,2025,32,4,3,7,0.0,1.0,0.0,0.0,0.0,1,0.05
Yago Pikachu,Right Winger,Clube do Remo (PA),Brazil,2025,34,3,2,5,0.0,2.0,1.0,0.0,1.0,5,0.11
Zé Ricardo,Defensive Midfield,Clube do Remo (PA),Brazil,2025,27,1,1,2,1.0,5.0,0.0,1.0,1.0,10,0.23
Breno Lopes,Left Winger,Coritiba Foot Ball Club,Brazil,2025,30,8,2,10,0.0,3.0,0.0,1.0,1.0,8,0.17
Bruno Melo,Left-Back,Coritiba Foot Ball Club,Brazil,2025,33,1,1,2,0.0,2.0,0.0,1.0,1.0,7,0.12
Fabinho,Right Winger,Coritiba Foot Ball Club,Brazil,2025,26,1,1,2,0.0,1.0,0.0,0.0,0.0,1,0.09
Jacy,Centre-Back,Coritiba Foot Ball Club,Brazil,2025,29,1,0,1,0.0,3.0,0.0,1.0,1.0,8,0.17
Joaquín Lavega,Left Winger,Coritiba Foot Ball Club,Uruguay,2025,21,5,2,7,0.0,4.0,0.0,0.0,0.0,4,0.15
Josué,Attacking Midfield,Coritiba Foot Ball Club,Portugal,2025,36,1,11,12,0.0,2.0,0.0,1.0,1.0,7,0.12
Lucas Ronier,Right Winger,Coritiba Foot Ball Club,Brazil,2025,21,1,2,3,0.0,3.0,0.0,0.0,0.0,3,0.17
Paulo Roberto,Centre-Forward,Coritiba Foot Ball Club,Brazil,2025,21,2,1,3,0.0,2.0,0.0,0.0,0.0,2,0.25
Pedro Rocha,Centre-Forward,Coritiba Foot Ball Club,Brazil,2025,31,8,1,9,0.0,2.0,0.0,1.0,1.0,7,0.11
Sebastián Gómez,Central Midfield,Coritiba Foot Ball Club,Colombia,2025,30,0,1,1,0.0,3.0,0.0,0.0,0.0,3,0.13
Tiago Cóser,Centre-Back,Coritiba Foot Ball Club,Brazil,2025,22,4,0,4,0.0,3.0,0.0,1.0,1.0,8,0.17
Christian,Right Midfield,Cruzeiro Esporte Clube,Brazil,2025,25,5,3,8,0.0,1.0,0.0,0.0,0.0,1,0.06
Fagner,Right-Back,Cruzeiro Esporte Clube,Brazil,2025,37,0,4,4,0.0,3.0,0.0,0.0,0.0,3,0.15
Felipe Morais,Attacking Midfield,Cruzeiro Esporte Clube,Brazil,2025,18,1,0,1,0.0,2.0,0.0,0.0,0.0,2,0.5
Gerson,Central Midfield,Cruzeiro Esporte Clube,Brazil,2025,29,0,3,3,1.0,5.0,0.0,0.0,0.0,5,0.21
João Marcelo,Centre-Back,Cruzeiro Esporte Clube,Brazil,2025,26,1,0,1,0.0,2.0,0.0,0.0,0.0,2,0.15
Kaiki,Left-Back,Cruzeiro Esporte Clube,Brazil,2025,23,0,2,2,0.0,1.0,0.0,1.0,1.0,6,0.13
Kaio Jorge,Centre-Forward,Cruzeiro Esporte Clube,Brazil,2025,24,7,1,8,0.0,1.0,0.0,0.0,0.0,1,0.05
Kaique Kenji,Left Winger,Cruzeiro Esporte Clube,Brazil,2025,20,1,0,1,0.0,3.0,0.0,0.0,0.0,3,0.27
Kauã Moraes,Right-Back,Cruzeiro Esporte Clube,Brazil,2025,19,2,1,3,0.0,2.0,0.0,0.0,0.0,2,0.2
Keny Arroyo,Right Winger,Cruzeiro Esporte Clube,Ecuador,2025,20,4,4,8,0.0,4.0,1.0,0.0,1.0,7,0.22
Lucas Romero,Defensive Midfield,Cruzeiro Esporte Clube,Argentina,2025,32,2,3,5,0.0,3.0,0.0,0.0,0.0,3,0.16
Lucas Villalba,Centre-Back,Cruzeiro Esporte Clube,Argentina,2025,32,1,2,3,0.0,2.0,0.0,0.0,0.0,2,0.13
Luciano Rodríguez,Centre-Forward,Cruzeiro Esporte Clube,Uruguay,2025,23,0,2,2,0.0,1.0,0.0,0.0,0.0,1,0.25
Matheus Henrique,Central Midfield,Cruzeiro Esporte Clube,Brazil,2025,28,0,1,1,0.0,3.0,0.0,0.0,0.0,3,0.12
Matheus Pereira,Attacking Midfield,Cruzeiro Esporte Clube,Brazil,2025,30,9,4,13,1.0,9.0,0.0,0.0,0.0,9,0.36
Wesley,Left Winger,Cruzeiro Esporte Clube,Brazil,2025,21,1,0,1,0.0,2.0,0.0,0.0,0.0,2,0.33
Ademir,Right Winger,Esporte Clube Bahia,Brazil,2025,31,1,1,2,0.0,3.0,0.0,0.0,0.0,3,0.12
Cristian Olivera,Right Winger,Esporte Clube Bahia,Uruguay,2025,24,1,2,3,0.0,3.0,0.0,0.0,0.0,3,0.15
David Duarte,Centre-Back,Esporte Clube Bahia,Brazil,2025,31,3,1,4,0.0,4.0,0.0,0.0,0.0,4,0.19
Erick,Defensive Midfield,Esporte Clube Bahia,Brazil,2025,28,4,0,4,1.0,6.0,0.0,0.0,0.0,6,0.29
Erick Pulga,Left Winger,Esporte Clube Bahia,Brazil,2025,25,3,2,5,1.0,5.0,0.0,0.0,0.0,5,0.19
Everton Ribeiro,Attacking Midfield,Esporte Clube Bahia,Brazil,2025,37,0,4,4,0.0,1.0,0.0,0.0,0.0,1,0.05
Jean Lucas,Central Midfield,Esporte Clube Bahia,Brazil,2025,28,4,3,7,0.0,3.0,0.0,0.0,0.0,3,0.13
Luciano Juba,Left-Back,Esporte Clube Bahia,Brazil,2025,27,9,1,10,0.0,4.0,0.0,0.0,0.0,4,0.17
Mateo Sanabria,Left Winger,Esporte Clube Bahia,Argentina,2025,22,2,0,2,0.0,2.0,0.0,0.0,0.0,2,0.14
Michel Araújo,Right Winger,Esporte Clube Bahia,Uruguay,2025,29,0,1,1,0.0,1.0,1.0,0.0,1.0,4,0.11
Nicolás Acevedo,Defensive Midfield,Esporte Clube Bahia,Uruguay,2025,27,1,1,2,1.0,8.0,0.0,0.0,0.0,8,0.31
Rodrigo Nestor,Central Midfield,Esporte Clube Bahia,Brazil,2025,26,1,4,5,0.0,4.0,0.0,0.0,0.0,4,0.19
Román Gómez,Right-Back,Esporte Clube Bahia,Argentina,2025,22,1,0,1,0.0,2.0,0.0,0.0,0.0,2,0.15
Willian José,Centre-Forward,Esporte Clube Bahia,Brazil,2025,34,3,1,4,0.0,1.0,0.0,0.0,0.0,1,0.05
Baralhas,Defensive Midfield,Esporte Clube Vitória,Brazil,2025,27,2,3,5,0.0,4.0,0.0,0.0,0.0,4,0.22
Diego Tarzia,Left Winger,Esporte Clube Vitória,Argentina,2025,23,2,2,4,0.0,2.0,0.0,0.0,0.0,2,0.09
Erick,Right Winger,Esporte Clube Vitória,Brazil,2025,28,3,5,8,0.0,2.0,0.0,0.0,0.0,2,0.08
Luan Cândido,Left-Back,Esporte Clube Vitória,Brazil,2025,25,0,2,2,0.0,1.0,0.0,1.0,1.0,6,0.1
Lucas Arcanjo,Goalkeeper,Esporte Clube Vitória,Brazil,2025,28,0,1,1,0.0,1.0,0.0,0.0,0.0,1,0.04
Mateus Silva,Right-Back,Esporte Clube Vitória,Brazil,2025,27,0,1,1,0.0,1.0,0.0,0.0,0.0,1,0.13
Matheuzinho,Attacking Midfield,Esporte Clube Vitória,Brazil,2025,28,3,2,5,0.0,4.0,0.0,0.0,0.0,4,0.16
Nathan Mendes,Right-Back,Esporte Clube Vitória,Brazil,2025,23,0,1,1,0.0,3.0,0.0,0.0,0.0,3,0.23
Ramon,Left-Back,Esporte Clube Vitória,Brazil,2025,25,2,0,2,0.0,4.0,0.0,0.0,0.0,4,0.2
Renato Kayzer,Centre-Forward,Esporte Clube Vitória,Brazil,2025,30,4,1,5,0.0,3.0,0.0,0.0,0.0,3,0.15
Renê,Left Winger,Esporte Clube Vitória,Brazil,2025,22,9,1,10,0.0,2.0,0.0,0.0,0.0,2,0.1
Zé Vitor,Central Midfield,Esporte Clube Vitória,Brazil,2025,26,1,0,1,0.0,4.0,0.0,0.0,0.0,4,0.21
Agustín Canobbio,Right Winger,Fluminense Football Club,Uruguay,2025,27,5,3,8,1.0,6.0,0.0,1.0,1.0,11,0.33
Ganso,Attacking Midfield,Fluminense Football Club,Brazil,2025,36,0,1,1,0.0,2.0,0.0,0.0,0.0,2,0.11
Guga,Right-Back,Fluminense Football Club,Brazil,2025,28,0,2,2,0.0,3.0,0.0,0.0,0.0,3,0.19
Guilherme Arana,Left-Back,Fluminense Football Club,Brazil,2025,29,1,1,2,0.0,2.0,0.0,0.0,0.0,2,0.13
Hércules,Central Midfield,Fluminense Football Club,Brazil,2025,25,3,0,3,0.0,3.0,0.0,0.0,0.0,3,0.13
Ignácio,Centre-Back,Fluminense Football Club,Brazil,2025,29,3,1,4,0.0,4.0,0.0,0.0,0.0,4,0.29
Jefferson Savarino,Attacking Midfield,Fluminense Football Club,Venezuela,2025,29,3,2,5,0.0,2.0,0.0,0.0,0.0,2,0.1
Jemmes,Centre-Back,Fluminense Football Club,Brazil,2025,26,0,1,1,0.0,3.0,0.0,0.0,0.0,3,0.16
John Kennedy,Centre-Forward,Fluminense Football Club,Brazil,2025,24,9,1,10,0.0,0.0,0.0,1.0,1.0,5,0.06
Kevin Serna,Right Winger,Fluminense Football Club,Colombia,2025,28,4,3,7,0.0,1.0,0.0,0.0,0.0,1,0.04
Luciano Acosta,Attacking Midfield,Fluminense Football Club,Argentina,2025,32,4,5,9,1.0,6.0,0.0,0.0,0.0,6,0.26
Martinelli,Defensive Midfield,Fluminense Football Club,Brazil,2025,24,0,3,3,1.0,5.0,0.0,0.0,0.0,5,0.25
Nonato,Central Midfield,Fluminense Football Club,Brazil,2025,28,1,1,2,1.0,6.0,0.0,0.0,0.0,6,0.4
Renê,Left-Back,Fluminense Football Club,Brazil,2025,34,0,2,2,0.0,1.0,0.0,0.0,0.0,1,0.05
Riquelme,Right Winger,Fluminense Football Club,Brazil,2025,19,0,1,1,0.0,1.0,0.0,0.0,0.0,1,0.17
Rodrigo Castillo,Centre-Forward,Fluminense Football Club,Argentina,2025,27,4,1,5,0.0,2.0,0.0,0.0,0.0,2,0.13
Yeferson Soteldo,Left Winger,Fluminense Football Club,Venezuela,2025,29,0,2,2,0.0,1.0,0.0,0.0,0.0,1,0.05
Carlos Vinícius,Centre-Forward,Grêmio Foot-Ball Porto Alegrense,Brazil,2025,31,10,1,11,1.0,5.0,0.0,0.0,0.0,5,0.19
Cristian Pavón,Right Winger,Grêmio Foot-Ball Porto Alegrense,Argentina,2025,30,2,4,6,1.0,6.0,0.0,0.0,0.0,6,0.24
Diego Caito,Right-Back,Grêmio Foot-Ball Porto Alegrense,Brazil,2025,22,1,0,1,0.0,2.0,0.0,0.0,0.0,2,0.29
Erick Noriega,Defensive Midfield,Grêmio Foot-Ball Porto Alegrense,Peru,2025,24,1,1,2,1.0,5.0,0.0,0.0,0.0,5,0.24
Gabriel Mec,Right Winger,Grêmio Foot-Ball Porto Alegrense,Brazil,2025,18,2,0,2,0.0,3.0,0.0,0.0,0.0,3,0.19
Gustavo Martins,Centre-Back,Grêmio Foot-Ball Porto Alegrense,Brazil,2025,24,3,2,5,1.0,6.0,0.0,0.0,0.0,6,0.32
José Enamorado,Right Winger,Grêmio Foot-Ball Porto Alegrense,Colombia,2025,27,0,3,3,0.0,3.0,0.0,0.0,0.0,3,0.13
Juan Nardoni,Central Midfield,Grêmio Foot-Ball Porto Alegrense,Argentina,2025,24,1,1,2,0.0,2.0,0.0,0.0,0.0,2,0.12
Marlon,Left-Back,Grêmio Foot-Ball Porto Alegrense,Brazil,2025,29,1,1,2,0.0,3.0,0.0,0.0,0.0,3,0.3
Mathías Villasanti,Defensive Midfield,Grêmio Foot-Ball Porto Alegrense,Paraguay,2025,29,1,0,1,0.0,2.0,0.0,0.0,0.0,2,0.22
Pedro Gabriel,Left-Back,Grêmio Foot-Ball Porto Alegrense,Brazil,2025,19,0,1,1,1.0,7.0,0.0,0.0,0.0,7,0.44
Tetê,Right Winger,Grêmio Foot-Ball Porto Alegrense,Brazil,2025,26,2,1,3,0.0,1.0,0.0,0.0,0.0,1,0.05
Viery,Centre-Back,Grêmio Foot-Ball Porto Alegrense,Brazil,2025,21,1,0,1,0.0,4.0,0.0,1.0,1.0,9,0.38
Wallace,Centre-Back,Grêmio Foot-Ball Porto Alegrense,Brazil,2025,21,1,0,1,0.0,2.0,0.0,0.0,0.0,2,0.25
Weverton,Goalkeeper,Grêmio Foot-Ball Porto Alegrense,Brazil,2025,38,0,1,1,0.0,2.0,0.0,0.0,0.0,2,0.08
Aldo Filho,Central Midfield,Mirassol Futebol Clube (SP),Brazil,2025,28,0,1,1,1.0,7.0,0.0,0.0,0.0,7,0.41
Alesson,Left Winger,Mirassol Futebol Clube (SP),Brazil,2025,27,0,4,4,0.0,3.0,0.0,0.0,0.0,3,0.13
André Luis,Centre-Forward,Mirassol Futebol Clube (SP),Brazil,2025,32,1,0,1,0.0,1.0,0.0,0.0,0.0,1,0.06
Carlos Eduardo,Right Winger,Mirassol Futebol Clube (SP),Brazil,2025,29,1,1,2,0.0,1.0,0.0,0.0,0.0,1,0.06
Denilson,Central Midfield,Mirassol Futebol Clube (SP),Brazil,2025,25,1,1,2,1.0,6.0,0.0,0.0,0.0,6,0.32
Edson Carioca,Centre-Forward,Mirassol Futebol Clube (SP),Brazil,2025,29,3,0,3,1.0,5.0,0.0,0.0,0.0,5,0.28
Eduardo,Attacking Midfield,Mirassol Futebol Clube (SP),Brazil,2025,36,6,0,6,0.0,1.0,0.0,1.0,1.0,6,0.1
Gabriel Pires,Defensive Midfield,Mirassol Futebol Clube (SP),Brazil,2025,32,0,1,1,0.0,1.0,0.0,0.0,0.0,1,0.14
Igor Formiga,Right-Back,Mirassol Futebol Clube (SP),Brazil,2025,27,4,5,9,0.0,3.0,0.0,0.0,0.0,3,0.12
João Victor,Centre-Back,Mirassol Futebol Clube (SP),Brazil,2025,29,2,1,3,0.0,3.0,0.0,0.0,0.0,3,0.11
Lucas Oliveira,Centre-Back,Mirassol Futebol Clube (SP),Brazil,2025,30,1,0,1,0.0,2.0,0.0,0.0,0.0,2,0.2
Nathan Fogaça,Centre-Forward,Mirassol Futebol Clube (SP),Brazil,2025,26,2,0,2,0.0,2.0,0.0,0.0,0.0,2,0.2
Negueba,Right Winger,Mirassol Futebol Clube (SP),Brazil,2025,26,2,0,2,0.0,3.0,0.0,0.0,0.0,3,0.33
Reinaldo,Left-Back,Mirassol Futebol Clube (SP),Brazil,2025,36,1,4,5,1.0,5.0,0.0,0.0,0.0,5,0.2
Shaylon,Attacking Midfield,Mirassol Futebol Clube (SP),Brazil,2025,29,1,2,3,0.0,2.0,0.0,0.0,0.0,2,0.1
Willian Machado,Centre-Back,Mirassol Futebol Clube (SP),Brazil,2025,29,1,1,2,0.0,4.0,0.0,0.0,0.0,4,0.17
Agustín Sant'Anna,Right-Back,Red Bull Bragantino,Uruguay,2025,28,0,2,2,0.0,4.0,0.0,1.0,1.0,9,0.38
Eduardo Sasha,Centre-Forward,Red Bull Bragantino,Brazil,2025,34,1,0,1,0.0,2.0,0.0,0.0,0.0,2,0.11
Fernando,Centre-Forward,Red Bull Bragantino,Brazil,2025,27,3,1,4,0.0,2.0,0.0,0.0,0.0,2,0.14
Gabriel,Defensive Midfield,Red Bull Bragantino,Brazil,2025,34,2,0,2,1.0,5.0,0.0,0.0,0.0,5,0.28
Gustavo Marques,Centre-Back,Red Bull Bragantino,Brazil,2025,24,1,0,1,0.0,3.0,0.0,0.0,0.0,3,0.13
Gustavo Neves,Central Midfield,Red Bull Bragantino,Brazil,2025,22,1,2,3,0.0,1.0,0.0,0.0,0.0,1,0.06
Henry Mosquera,Left Winger,Red Bull Bragantino,Colombia,2025,24,0,4,4,1.0,5.0,0.0,0.0,0.0,5,0.24
Isidro Pitta,Centre-Forward,Red Bull Bragantino,Paraguay,2025,27,5,2,7,0.0,3.0,0.0,0.0,0.0,3,0.13
José Andrés Hurtado,Right-Back,Red Bull Bragantino,Ecuador,2025,24,1,0,1,0.0,2.0,0.0,0.0,0.0,2,0.12
José Herrera,Right Winger,Red Bull Bragantino,Argentina,2025,23,1,1,2,0.0,4.0,0.0,0.0,0.0,4,0.18
Juninho Capixaba,Left-Back,Red Bull Bragantino,Brazil,2025,29,3,2,5,2.0,12.0,0.0,0.0,0.0,12,0.52
Lucas Barbosa,Right Winger,Red Bull Bragantino,Brazil,2025,25,5,2,7,1.0,5.0,0.0,0.0,0.0,5,0.2
Matheus Fernandes,Defensive Midfield,Red Bull Bragantino,Brazil,2025,28,0,1,1,0.0,2.0,0.0,0.0,0.0,2,0.13
Pedro Henrique,Centre-Back,Red Bull Bragantino,Brazil,2025,30,1,0,1,0.0,4.0,0.0,0.0,0.0,4,0.24
Rodriguinho,Attacking Midfield,Red Bull Bragantino,Brazil,2025,22,2,0,2,0.0,3.0,0.0,0.0,0.0,3,0.19
Tiago Volpi,Goalkeeper,Red Bull Bragantino,Brazil,2025,35,2,0,2,0.0,2.0,0.0,0.0,0.0,2,0.1
Adonis Frías,Centre-Back,Santos FC,Argentina,2025,28,1,0,1,0.0,2.0,0.0,0.0,0.0,2,0.22
Benjamín Rollheiser,Right Winger,Santos FC,Argentina,2025,26,4,2,6,0.0,2.0,0.0,0.0,0.0,2,0.09
Gabriel Barbosa,Centre-Forward,Santos FC,Brazil,2025,30,11,3,14,1.0,7.0,0.0,1.0,1.0,12,0.42
Gabriel Bontempo,Central Midfield,Santos FC,Brazil,2025,21,1,2,3,0.0,3.0,0.0,0.0,0.0,3,0.13
Gabriel Menino,Right-Back,Santos FC,Brazil,2025,25,1,0,1,0.0,2.0,0.0,0.0,0.0,2,0.17
Gonzalo Escobar,Left-Back,Santos FC,Argentina,2025,29,0,1,1,1.0,7.0,0.0,0.0,0.0,7,0.35
Igor Vinícius,Right-Back,Santos FC,Brazil,2025,29,0,1,1,0.0,4.0,0.0,0.0,0.0,4,0.2
Luan Peres,Centre-Back,Santos FC,Brazil,2025,32,1,0,1,0.0,3.0,1.0,0.0,1.0,6,0.18
Lucas Veríssimo,Centre-Back,Santos FC,Brazil,2025,31,0,1,1,0.0,3.0,0.0,0.0,0.0,3,0.2
Miguelito,Attacking Midfield,Santos FC,Bolivia,2025,22,1,2,3,0.0,1.0,0.0,0.0,0.0,1,0.09
Neymar,Attacking Midfield,Santos FC,Brazil,2025,34,6,3,9,1.0,7.0,0.0,0.0,0.0,7,0.58
Thaciano,Attacking Midfield,Santos FC,Brazil,2025,31,2,0,2,0.0,2.0,0.0,0.0,0.0,2,0.11
Willian Arão,Defensive Midfield,Santos FC,Brazil,2025,34,1,0,1,0.0,2.0,0.0,0.0,0.0,2,0.1
Zé Rafael,Central Midfield,Santos FC,Brazil,2025,32,1,1,2,0.0,1.0,0.0,0.0,0.0,1,0.2
Álvaro Barreal,Left Winger,Santos FC,Argentina,2025,26,5,1,6,1.0,6.0,0.0,1.0,1.0,11,0.33
Allan,Right Winger,Sociedade Esportiva Palmeiras,Brazil,2025,22,4,3,7,0.0,3.0,0.0,1.0,1.0,8,0.19
Andreas Pereira,Central Midfield,Sociedade Esportiva Palmeiras,Brazil,2025,30,1,10,11,0.0,3.0,0.0,0.0,0.0,3,0.11
Felipe Anderson,Left Winger,Sociedade Esportiva Palmeiras,Brazil,2025,33,2,1,3,0.0,1.0,0.0,0.0,0.0,1,0.05
Gustavo Gómez,Centre-Back,Sociedade Esportiva Palmeiras,Paraguay,2025,33,4,1,5,0.0,2.0,0.0,0.0,0.0,2,0.08
Jefté,Left-Back,Sociedade Esportiva Palmeiras,Brazil,2025,22,0,1,1,0.0,1.0,0.0,0.0,0.0,1,0.14
Jhon Arias,Right Winger,Sociedade Esportiva Palmeiras,Colombia,2025,28,4,2,6,0.0,4.0,0.0,0.0,0.0,4,0.18
Joaquín Piquerez,Left-Back,Sociedade Esportiva Palmeiras,Uruguay,2025,28,0,4,4,0.0,2.0,0.0,0.0,0.0,2,0.14
José Manuel López,Centre-Forward,Sociedade Esportiva Palmeiras,Argentina,2025,25,8,4,12,0.0,2.0,0.0,0.0,0.0,2,0.08
Khellven,Right-Back,Sociedade Esportiva Palmeiras,Brazil,2025,25,0,1,1,0.0,3.0,0.0,0.0,0.0,3,0.15
Lucas Evangelista,Central Midfield,Sociedade Esportiva Palmeiras,Brazil,2025,31,0,1,1,0.0,2.0,0.0,0.0,0.0,2,0.09
Marlon Freitas,Defensive Midfield,Sociedade Esportiva Palmeiras,Brazil,2025,31,2,1,3,1.0,6.0,0.0,0.0,0.0,6,0.23
Mauricio,Attacking Midfield,Sociedade Esportiva Palmeiras,Paraguay,2025,25,7,1,8,0.0,2.0,0.0,0.0,0.0,2,0.08
Murilo,Centre-Back,Sociedade Esportiva Palmeiras,Brazil,2025,29,2,1,3,0.0,3.0,1.0,0.0,1.0,6,0.17
Paulinho,Second Striker,Sociedade Esportiva Palmeiras,Brazil,2025,26,2,0,2,0.0,1.0,0.0,0.0,0.0,1,0.17
Ramón Sosa,Left Winger,Sociedade Esportiva Palmeiras,Paraguay,2025,27,4,2,6,0.0,4.0,0.0,0.0,0.0,4,0.2
Vitor Roque,Centre-Forward,Sociedade Esportiva Palmeiras,Brazil,2025,21,5,1,6,0.0,1.0,0.0,0.0,0.0,1,0.06
André,Central Midfield,Sport Club Corinthians Paulista,Brazil,2025,20,3,2,5,0.0,2.0,0.0,2.0,2.0,12,0.22
André Carrillo,Central Midfield,Sport Club Corinthians Paulista,Peru,2025,35,0,1,1,0.0,4.0,0.0,0.0,0.0,4,0.19
Breno Bidon,Central Midfield,Sport Club Corinthians Paulista,Brazil,2025,21,2,1,3,0.0,4.0,0.0,0.0,0.0,4,0.16
Fabrizio Angileri,Left-Back,Sport Club Corinthians Paulista,Argentina,2025,32,1,0,1,0.0,3.0,0.0,0.0,0.0,3,0.3
Gabriel Paulista,Centre-Back,Sport Club Corinthians Paulista,Brazil,2025,35,1,0,1,1.0,6.0,0.0,0.0,0.0,6,0.3
Gustavo Henrique,Centre-Back,Sport Club Corinthians Paulista,Brazil,2025,33,2,1,3,0.0,3.0,0.0,0.0,0.0,3,0.13
Jesse Lingard,Attacking Midfield,Sport Club Corinthians Paulista,England,2025,33,0,1,1,0.0,2.0,0.0,0.0,0.0,2,0.12
João Pedro Tchoca,Centre-Back,Sport Club Corinthians Paulista,Brazil,2025,22,1,0,1,0.0,1.0,0.0,0.0,0.0,1,0.2
Kaio César,Right Winger,Sport Club Corinthians Paulista,Brazil,2025,22,2,2,4,0.0,2.0,0.0,0.0,0.0,2,0.13
Matheus Bidu,Left-Back,Sport Club Corinthians Paulista,Brazil,2025,27,3,1,4,1.0,5.0,0.0,0.0,0.0,5,0.23
Matheuzinho,Right-Back,Sport Club Corinthians Paulista,Brazil,2025,26,1,2,3,1.0,5.0,0.0,1.0,1.0,10,0.26
Memphis Depay,Centre-Forward,Sport Club Corinthians Paulista,Netherlands,2025,32,1,0,1,0.0,1.0,0.0,0.0,0.0,1,0.08
Pedro Raul,Centre-Forward,Sport Club Corinthians Paulista,Brazil,2025,29,1,0,1,0.0,1.0,0.0,0.0,0.0,1,0.07
Raniele,Defensive Midfield,Sport Club Corinthians Paulista,Brazil,2025,29,2,0,2,1.0,6.0,0.0,0.0,0.0,6,0.26
Rodrigo Garro,Attacking Midfield,Sport Club Corinthians Paulista,Argentina,2025,28,3,6,9,1.0,8.0,0.0,0.0,0.0,8,0.31
Yuri Alberto,Centre-Forward,Sport Club Corinthians Paulista,Brazil,2025,25,3,2,5,0.0,2.0,0.0,0.0,0.0,2,0.12
Zakaria Labyad,Attacking Midfield,Sport Club Corinthians Paulista,Morocco,2025,33,1,2,3,0.0,1.0,0.0,0.0,0.0,1,0.09
Alan Patrick,Attacking Midfield,Sport Club Internacional,Brazil,2025,35,4,1,5,0.0,1.0,0.0,0.0,0.0,1,0.04
Alerrandro,Centre-Forward,Sport Club Internacional,Brazil,2025,26,3,3,6,0.0,1.0,0.0,0.0,0.0,1,0.05
Alexandro Bernabei,Left-Back,Sport Club Internacional,Argentina,2025,25,4,1,5,1.0,6.0,1.0,0.0,1.0,9,0.29
Braian Aguirre,Right-Back,Sport Club Internacional,Argentina,2025,26,2,1,3,0.0,3.0,0.0,0.0,0.0,3,0.16
Bruno Henrique,Central Midfield,Sport Club Internacional,Brazil,2025,36,2,1,3,0.0,1.0,0.0,0.0,0.0,1,0.04
Félix Torres,Centre-Back,Sport Club Internacional,Ecuador,2025,29,1,0,1,0.0,3.0,0.0,0.0,0.0,3,0.16
Gabriel Mercado,Centre-Back,Sport Club Internacional,Argentina,2025,39,1,0,1,1.0,7.0,0.0,0.0,0.0,7,0.39
Johan Carbonero,Left Winger,Sport Club Internacional,Colombia,2025,27,7,4,11,0.0,4.0,0.0,0.0,0.0,4,0.15
Rafael Santos Borré,Centre-Forward,Sport Club Internacional,Colombia,2025,30,2,1,3,0.0,2.0,0.0,0.0,0.0,2,0.11
Ronaldo,Defensive Midfield,Sport Club Internacional,Brazil,2025,29,1,0,1,0.0,2.0,0.0,0.0,0.0,2,0.17
Vitinho,Left Winger,Sport Club Internacional,Brazil,2025,27,2,3,5,1.0,5.0,0.0,0.0,0.0,5,0.19
Damián Bobadilla,Central Midfield,São Paulo Futebol Clube,Paraguay,2025,25,0,2,2,0.0,3.0,0.0,0.0,0.0,3,0.19
Danielzinho,Central Midfield,São Paulo Futebol Clube,Brazil,2025,31,1,1,2,0.0,2.0,0.0,0.0,0.0,2,0.08
Enzo Díaz,Left-Back,São Paulo Futebol Clube,Argentina,2025,30,0,1,1,1.0,7.0,0.0,0.0,0.0,7,0.54
Ferreirinha,Left Winger,São Paulo Futebol Clube,Brazil,2025,28,4,0,4,0.0,1.0,0.0,0.0,0.0,1,0.05
Jonathan Calleri,Centre-Forward,São Paulo Futebol Clube,Argentina,2025,32,8,1,9,1.0,6.0,0.0,0.0,0.0,6,0.26
Luciano,Centre-Forward,São Paulo Futebol Clube,Brazil,2025,33,8,2,10,1.0,5.0,0.0,0.0,0.0,5,0.23
Luis Osorio,Centre-Back,São Paulo Futebol Clube,Brazil,2025,20,0,1,1,0.0,1.0,0.0,1.0,1.0,6,0.33
Marcos Antônio,Central Midfield,São Paulo Futebol Clube,Brazil,2025,26,1,2,3,0.0,1.0,0.0,0.0,0.0,1,0.05
Matheus Dória,Centre-Back,São Paulo Futebol Clube,Brazil,2025,31,1,0,1,0.0,1.0,0.0,0.0,0.0,1,0.25
Pablo Maia,Defensive Midfield,São Paulo Futebol Clube,Brazil,2025,24,1,0,1,0.0,3.0,0.0,0.0,0.0,3,0.17
Sabino,Centre-Back,São Paulo Futebol Clube,Brazil,2025,29,1,1,2,0.0,1.0,0.0,0.0,0.0,1,0.05
Wendell,Left-Back,São Paulo Futebol Clube,Brazil,2025,33,0,3,3,0.0,4.0,0.0,0.0,0.0,4,0.22
