jogador,posicao,clube,nacionalidade,jogos,idade,substituicoes_entrada,substituicoes_saida,gols,assistencias,participacao_gols,temporada,url_origem
Luis Suárez,Centre-Forward,Grêmio Foot-Ball Porto Alegrense,Uruguay,36,33,0,14,17,11,28,2022,https://www.transfermarkt.com/campeonato-brasileiro-serie-a/scorerliste/wettbewerb/BRA1/saison_id/2022/altersklasse/alle/plus/1
Hulk,Centre-Forward,Clube Atlético Mineiro,Brazil,37,34,1,8,15,11,26,2022,https://www.transfermarkt.com/campeonato-brasileiro-serie-a/scorerliste/wettbewerb/BRA1/saison_id/2022/altersklasse/alle/plus/1
Paulinho,Second Striker,Clube Atlético Mineiro,Brazil,23,36,1,18,20,2,22,2022,https://www.transfermarkt.com/campeonato-brasileiro-serie-a/scorerliste/wettbewerb/BRA1/saison_id/2022/altersklasse/alle/plus/1
Tiquinho Soares,Centre-Forward,Botafogo de Futebol e Regatas,Brazil,32,33,3,18,17,4,21,2022,https://www.transfermarkt.com/campeonato-brasileiro-serie-a/scorerliste/wettbewerb/BRA1/saison_id/2022/altersklasse/alle/plus/1
Robson,Right Winger,Coritiba Foot Ball Club,Brazil,32,32,2,19,12,4,16,2022,https://www.transfermarkt.com/campeonato-brasileiro-serie-a/scorerliste/wettbewerb/BRA1/saison_id/2022/altersklasse/alle/plus/1
Raphael Veiga,Attacking Midfield,Sociedade Esportiva Palmeiras,Brazil,28,31,1,22,9,7,16,2022,https://www.transfermarkt.com/campeonato-brasileiro-serie-a/scorerliste/wettbewerb/BRA1/saison_id/2022/altersklasse/alle/plus/1
Marcos Leonardo,Centre-Forward,Santos FC,Brazil,20,31,1,16,13,2,15,2022,https://www.transfermarkt.com/campeonato-brasileiro-serie-a/scorerliste/wettbewerb/BRA1/saison_id/2022/altersklasse/alle/plus/1
Vitor Roque,Centre-Forward,Club Athletico Paranaense,Brazil,18,25,6,13,12,3,15,2022,https://www.transfermarkt.com/campeonato-brasileiro-serie-a/scorerliste/wettbewerb/BRA1/saison_id/2022/altersklasse/alle/plus/1
Deyverson,Centre-Forward,Cuiabá Esporte Clube (MT),Brazil,32,36,2,15,12,2,14,2022,https://www.transfermarkt.com/campeonato-brasileiro-serie-a/scorerliste/wettbewerb/BRA1/saison_id/2022/altersklasse/alle/plus/1
Eduardo Sasha,Centre-Forward,Red Bull Bragantino,Brazil,31,33,2,24,11,3,14,2022,https://www.transfermarkt.com/campeonato-brasileiro-serie-a/scorerliste/wettbewerb/BRA1/saison_id/2022/altersklasse/alle/plus/1
Jhon Arias,Right Winger,Fluminense Football Club,Colombia,26,29,3,3,7,7,14,2022,https://www.transfermarkt.com/campeonato-brasileiro-serie-a/scorerliste/wettbewerb/BRA1/saison_id/2022/altersklasse/alle/plus/1
Thaciano,Attacking Midfield,Esporte Clube Bahia,Brazil,28,35,0,19,6,8,14,2022,https://www.transfermarkt.com/campeonato-brasileiro-serie-a/scorerliste/wettbewerb/BRA1/saison_id/2022/altersklasse/alle/plus/1
Pedro,Centre-Forward,CR Flamengo,Brazil,26,34,8,16,13,0,13,2022,https://www.transfermarkt.com/campeonato-brasileiro-serie-a/scorerliste/wettbewerb/BRA1/saison_id/2022/altersklasse/alle/plus/1
Franco Cristaldo,Attacking Midfield,Grêmio Foot-Ball Porto Alegrense,Argentina,27,34,3,31,8,5,13,2022,https://www.transfermarkt.com/campeonato-brasileiro-serie-a/scorerliste/wettbewerb/BRA1/saison_id/2022/altersklasse/alle/plus/1
Giorgian de Arrascaeta,Attacking Midfield,CR Flamengo,Uruguay,29,28,6,14,7,6,13,2022,https://www.transfermarkt.com/campeonato-brasileiro-serie-a/scorerliste/wettbewerb/BRA1/saison_id/2022/altersklasse/alle/plus/1
Gerson,Central Midfield,CR Flamengo,Brazil,26,32,1,7,5,8,13,2022,https://www.transfermarkt.com/campeonato-brasileiro-serie-a/scorerliste/wettbewerb/BRA1/saison_id/2022/altersklasse/alle/plus/1
Gonzalo Mastriani,Centre-Forward,América Futebol Clube (MG),Uruguay,30,24,2,12,11,1,12,2022,https://www.transfermarkt.com/campeonato-brasileiro-serie-a/scorerliste/wettbewerb/BRA1/saison_id/2022/altersklasse/alle/plus/1
Bruno Rodrigues,Left Winger,Cruzeiro Esporte Clube,Brazil,26,35,5,6,8,4,12,2022,https://www.transfermarkt.com/campeonato-brasileiro-serie-a/scorerliste/wettbewerb/BRA1/saison_id/2022/altersklasse/alle/plus/1
Yuri Alberto,Centre-Forward,Sport Club Corinthians Paulista,Brazil,22,34,2,15,8,4,12,2022,https://www.transfermarkt.com/campeonato-brasileiro-serie-a/scorerliste/wettbewerb/BRA1/saison_id/2022/altersklasse/alle/plus/1
Gabriel Pec,Right Winger,Clube de Regatas Vasco da Gama,Brazil,22,37,8,20,8,4,12,2022,https://www.transfermarkt.com/campeonato-brasileiro-serie-a/scorerliste/wettbewerb/BRA1/saison_id/2022/altersklasse/alle/plus/1
Eduardo,Attacking Midfield,Botafogo de Futebol e Regatas,Brazil,34,34,2,16,6,6,12,2022,https://www.transfermarkt.com/campeonato-brasileiro-serie-a/scorerliste/wettbewerb/BRA1/saison_id/2022/altersklasse/alle/plus/1
Guilherme,Attacking Midfield,Goiás EC,Brazil,32,30,5,21,6,6,12,2022,https://www.transfermarkt.com/campeonato-brasileiro-serie-a/scorerliste/wettbewerb/BRA1/saison_id/2022/altersklasse/alle/plus/1
Mauricio,Attacking Midfield,Sport Club Internacional,Paraguay,22,26,4,17,6,6,12,2022,https://www.transfermarkt.com/campeonato-brasileiro-serie-a/scorerliste/wettbewerb/BRA1/saison_id/2022/altersklasse/alle/plus/1
Endrick,Centre-Forward,Sociedade Esportiva Palmeiras,Brazil,17,31,13,14,11,0,11,2022,https://www.transfermarkt.com/campeonato-brasileiro-serie-a/scorerliste/wettbewerb/BRA1/saison_id/2022/altersklasse/alle/plus/1
Germán Cano,Centre-Forward,Fluminense Football Club,Argentina,35,30,2,10,10,1,11,2022,https://www.transfermarkt.com/campeonato-brasileiro-serie-a/scorerliste/wettbewerb/BRA1/saison_id/2022/altersklasse/alle/plus/1
Estêvão,Right Winger,Sociedade Esportiva Palmeiras,Brazil,17,31,5,22,13,9,22,2023,https://www.transfermarkt.com/campeonato-brasileiro-serie-a/scorerliste/wettbewerb/BRA1/saison_id/2023/altersklasse/alle/plus/1
Yuri Alberto,Centre-Forward,Sport Club Corinthians Paulista,Brazil,23,29,4,13,15,5,20,2023,https://www.transfermarkt.com/campeonato-brasileiro-serie-a/scorerliste/wettbewerb/BRA1/saison_id/2023/altersklasse/alle/plus/1
Rodrigo Garro,Attacking Midfield,Sport Club Corinthians Paulista,Argentina,26,36,1,13,10,10,20,2023,https://www.transfermarkt.com/campeonato-brasileiro-serie-a/scorerliste/wettbewerb/BRA1/saison_id/2023/altersklasse/alle/plus/1
Alerrandro,Centre-Forward,Esporte Clube Vitória,Brazil,24,34,2,22,15,4,19,2023,https://www.transfermarkt.com/campeonato-brasileiro-serie-a/scorerliste/wettbewerb/BRA1/saison_id/2023/altersklasse/alle/plus/1
Pedro,Centre-Forward,CR Flamengo,Brazil,27,21,2,7,11,5,16,2023,https://www.transfermarkt.com/campeonato-brasileiro-serie-a/scorerliste/wettbewerb/BRA1/saison_id/2023/altersklasse/alle/plus/1
Lucas Moura,Right Winger,São Paulo Futebol Clube,Brazil,32,28,2,13,10,6,16,2023,https://www.transfermarkt.com/campeonato-brasileiro-serie-a/scorerliste/wettbewerb/BRA1/saison_id/2023/altersklasse/alle/plus/1
Hulk,Centre-Forward,Clube Atlético Mineiro,Brazil,38,24,2,8,10,5,15,2023,https://www.transfermarkt.com/campeonato-brasileiro-serie-a/scorerliste/wettbewerb/BRA1/saison_id/2023/altersklasse/alle/plus/1
Matheus Pereira,Attacking Midfield,Cruzeiro Esporte Clube,Brazil,28,34,3,10,8,7,15,2023,https://www.transfermarkt.com/campeonato-brasileiro-serie-a/scorerliste/wettbewerb/BRA1/saison_id/2023/altersklasse/alle/plus/1
Jefferson Savarino,Attacking Midfield,Botafogo de Futebol e Regatas,Venezuela,28,28,6,9,8,7,15,2023,https://www.transfermarkt.com/campeonato-brasileiro-serie-a/scorerliste/wettbewerb/BRA1/saison_id/2023/altersklasse/alle/plus/1
Pablo Vegetti,Centre-Forward,Clube de Regatas Vasco da Gama,Argentina,36,35,1,6,12,2,14,2023,https://www.transfermarkt.com/campeonato-brasileiro-serie-a/scorerliste/wettbewerb/BRA1/saison_id/2023/altersklasse/alle/plus/1
Raphael Veiga,Attacking Midfield,Sociedade Esportiva Palmeiras,Brazil,29,34,4,19,11,3,14,2023,https://www.transfermarkt.com/campeonato-brasileiro-serie-a/scorerliste/wettbewerb/BRA1/saison_id/2023/altersklasse/alle/plus/1
Luciano,Centre-Forward,São Paulo Futebol Clube,Brazil,31,31,4,18,11,2,13,2023,https://www.transfermarkt.com/campeonato-brasileiro-serie-a/scorerliste/wettbewerb/BRA1/saison_id/2023/altersklasse/alle/plus/1
Wesley,Left Winger,Sport Club Internacional,Brazil,25,33,3,20,11,1,12,2023,https://www.transfermarkt.com/campeonato-brasileiro-serie-a/scorerliste/wettbewerb/BRA1/saison_id/2023/altersklasse/alle/plus/1
José Manuel López,Centre-Forward,Sociedade Esportiva Palmeiras,Argentina,24,35,11,15,10,2,12,2023,https://www.transfermarkt.com/campeonato-brasileiro-serie-a/scorerliste/wettbewerb/BRA1/saison_id/2023/altersklasse/alle/plus/1
Rafael Santos Borré,Centre-Forward,Sport Club Internacional,Colombia,29,23,0,13,9,3,12,2023,https://www.transfermarkt.com/campeonato-brasileiro-serie-a/scorerliste/wettbewerb/BRA1/saison_id/2023/altersklasse/alle/plus/1
Yannick Bolasie,Centre-Forward,Criciúma EC,DR Congo,35,34,7,17,8,4,12,2023,https://www.transfermarkt.com/campeonato-brasileiro-serie-a/scorerliste/wettbewerb/BRA1/saison_id/2023/altersklasse/alle/plus/1
Eduardo Sasha,Centre-Forward,Red Bull Bragantino,Brazil,32,28,2,20,8,4,12,2023,https://www.transfermarkt.com/campeonato-brasileiro-serie-a/scorerliste/wettbewerb/BRA1/saison_id/2023/altersklasse/alle/plus/1
Alan Patrick,Attacking Midfield,Sport Club Internacional,Brazil,33,23,3,5,8,3,11,2023,https://www.transfermarkt.com/campeonato-brasileiro-serie-a/scorerliste/wettbewerb/BRA1/saison_id/2023/altersklasse/alle/plus/1
Juan Martín Lucero,Centre-Forward,Fortaleza Esporte Clube,Argentina,33,32,6,16,8,3,11,2023,https://www.transfermarkt.com/campeonato-brasileiro-serie-a/scorerliste/wettbewerb/BRA1/saison_id/2023/altersklasse/alle/plus/1
Everaldo,Centre-Forward,Esporte Clube Bahia,Brazil,33,37,10,25,8,3,11,2023,https://www.transfermarkt.com/campeonato-brasileiro-serie-a/scorerliste/wettbewerb/BRA1/saison_id/2023/altersklasse/alle/plus/1
Tomás Pochettino,Attacking Midfield,Fortaleza Esporte Clube,Argentina,28,32,13,17,5,6,11,2023,https://www.transfermarkt.com/campeonato-brasileiro-serie-a/scorerliste/wettbewerb/BRA1/saison_id/2023/altersklasse/alle/plus/1
Eduardo Vargas,Centre-Forward,Clube Atlético Mineiro,Chile,35,23,15,5,8,2,10,2023,https://www.transfermarkt.com/campeonato-brasileiro-serie-a/scorerliste/wettbewerb/BRA1/saison_id/2023/altersklasse/alle/plus/1
Martin Braithwaite,Centre-Forward,Grêmio Foot-Ball Porto Alegrense,Denmark,33,18,0,12,8,2,10,2023,https://www.transfermarkt.com/campeonato-brasileiro-serie-a/scorerliste/wettbewerb/BRA1/saison_id/2023/altersklasse/alle/plus/1
Jhon Arias,Right Winger,Fluminense Football Club,Colombia,27,27,1,2,7,3,10,2023,https://www.transfermarkt.com/campeonato-brasileiro-serie-a/scorerliste/wettbewerb/BRA1/saison_id/2023/altersklasse/alle/plus/1
Luiz Henrique,Right Winger,Botafogo de Futebol e Regatas,Brazil,23,35,2,25,7,3,10,2023,https://www.transfermarkt.com/campeonato-brasileiro-serie-a/scorerliste/wettbewerb/BRA1/saison_id/2023/altersklasse/alle/plus/1
Giorgian de Arrascaeta,Attacking Midfield,CR Flamengo,Uruguay,31,33,3,25,18,14,32,2024,https://www.transfermarkt.com/campeonato-brasileiro-serie-a/scorerliste/wettbewerb/BRA1/saison_id/2024/altersklasse/alle/plus/1
Kaio Jorge,Centre-Forward,Cruzeiro Esporte Clube,Brazil,23,33,0,24,21,8,29,2024,https://www.transfermarkt.com/campeonato-brasileiro-serie-a/scorerliste/wettbewerb/BRA1/saison_id/2024/altersklasse/alle/plus/1
Vitor Roque,Centre-Forward,Sociedade Esportiva Palmeiras,Brazil,20,33,9,17,16,3,19,2024,https://www.transfermarkt.com/campeonato-brasileiro-serie-a/scorerliste/wettbewerb/BRA1/saison_id/2024/altersklasse/alle/plus/1
Reinaldo,Left-Back,Mirassol Futebol Clube (SP),Brazil,36,34,1,3,13,6,19,2024,https://www.transfermarkt.com/campeonato-brasileiro-serie-a/scorerliste/wettbewerb/BRA1/saison_id/2024/altersklasse/alle/plus/1
Pedro,Centre-Forward,CR Flamengo,Brazil,28,21,8,12,12,6,18,2024,https://www.transfermarkt.com/campeonato-brasileiro-serie-a/scorerliste/wettbewerb/BRA1/saison_id/2024/altersklasse/alle/plus/1
Alan Patrick,Attacking Midfield,Sport Club Internacional,Brazil,34,30,0,13,11,7,18,2024,https://www.transfermarkt.com/campeonato-brasileiro-serie-a/scorerliste/wettbewerb/BRA1/saison_id/2024/altersklasse/alle/plus/1
Willian José,Centre-Forward,Esporte Clube Bahia,Brazil,34,33,5,22,11,6,17,2024,https://www.transfermarkt.com/campeonato-brasileiro-serie-a/scorerliste/wettbewerb/BRA1/saison_id/2024/altersklasse/alle/plus/1
Jhon Jhon,Attacking Midfield,Red Bull Bragantino,Brazil,23,34,0,14,10,7,17,2024,https://www.transfermarkt.com/campeonato-brasileiro-serie-a/scorerliste/wettbewerb/BRA1/saison_id/2024/altersklasse/alle/plus/1
Pablo Vegetti,Centre-Forward,Clube de Regatas Vasco da Gama,Argentina,37,35,8,12,14,1,15,2024,https://www.transfermarkt.com/campeonato-brasileiro-serie-a/scorerliste/wettbewerb/BRA1/saison_id/2024/altersklasse/alle/plus/1
Rayan,Right Winger,Clube de Regatas Vasco da Gama,Brazil,19,34,2,10,14,1,15,2024,https://www.transfermarkt.com/campeonato-brasileiro-serie-a/scorerliste/wettbewerb/BRA1/saison_id/2024/altersklasse/alle/plus/1
José Manuel López,Centre-Forward,Sociedade Esportiva Palmeiras,Argentina,25,33,11,9,12,2,14,2024,https://www.transfermarkt.com/campeonato-brasileiro-serie-a/scorerliste/wettbewerb/BRA1/saison_id/2024/altersklasse/alle/plus/1
Hulk,Centre-Forward,Clube Atlético Mineiro,Brazil,39,33,6,11,8,6,14,2024,https://www.transfermarkt.com/campeonato-brasileiro-serie-a/scorerliste/wettbewerb/BRA1/saison_id/2024/altersklasse/alle/plus/1
Matheus Pereira,Attacking Midfield,Cruzeiro Esporte Clube,Brazil,29,34,2,21,7,7,14,2024,https://www.transfermarkt.com/campeonato-brasileiro-serie-a/scorerliste/wettbewerb/BRA1/saison_id/2024/altersklasse/alle/plus/1
Carlos Vinícius,Centre-Forward,Grêmio Foot-Ball Porto Alegrense,Brazil,30,14,2,8,12,1,13,2024,https://www.transfermarkt.com/campeonato-brasileiro-serie-a/scorerliste/wettbewerb/BRA1/saison_id/2024/altersklasse/alle/plus/1
Luciano,Centre-Forward,São Paulo Futebol Clube,Brazil,32,32,8,15,9,4,13,2024,https://www.transfermarkt.com/campeonato-brasileiro-serie-a/scorerliste/wettbewerb/BRA1/saison_id/2024/altersklasse/alle/plus/1
Pedro Raul,Centre-Forward,Ceará Sporting Club,Brazil,29,34,0,13,11,1,12,2024,https://www.transfermarkt.com/campeonato-brasileiro-serie-a/scorerliste/wettbewerb/BRA1/saison_id/2024/altersklasse/alle/plus/1
Yuri Alberto,Centre-Forward,Sport Club Corinthians Paulista,Brazil,24,26,5,7,10,2,12,2024,https://www.transfermarkt.com/campeonato-brasileiro-serie-a/scorerliste/wettbewerb/BRA1/saison_id/2024/altersklasse/alle/plus/1
Gabriel Taliari,Centre-Forward,Esporte Clube Juventude,Brazil,28,34,6,20,8,4,12,2024,https://www.transfermarkt.com/campeonato-brasileiro-serie-a/scorerliste/wettbewerb/BRA1/saison_id/2024/altersklasse/alle/plus/1
Nuno Moreira,Right Winger,Clube de Regatas Vasco da Gama,Portugal,26,36,1,33,7,5,12,2024,https://www.transfermarkt.com/campeonato-brasileiro-serie-a/scorerliste/wettbewerb/BRA1/saison_id/2024/altersklasse/alle/plus/1
Kevin Serna,Right Winger,Fluminense Football Club,Colombia,27,33,8,18,7,5,12,2024,https://www.transfermarkt.com/campeonato-brasileiro-serie-a/scorerliste/wettbewerb/BRA1/saison_id/2024/altersklasse/alle/plus/1
Eduardo Sasha,Centre-Forward,Red Bull Bragantino,Brazil,33,33,3,22,8,3,11,2024,https://www.transfermarkt.com/campeonato-brasileiro-serie-a/scorerliste/wettbewerb/BRA1/saison_id/2024/altersklasse/alle/plus/1
Rony,Centre-Forward,Clube Atlético Mineiro,Brazil,30,35,6,15,6,5,11,2024,https://www.transfermarkt.com/campeonato-brasileiro-serie-a/scorerliste/wettbewerb/BRA1/saison_id/2024/altersklasse/alle/plus/1
Alesson,Left Winger,Mirassol Futebol Clube (SP),Brazil,26,26,10,15,6,5,11,2024,https://www.transfermarkt.com/campeonato-brasileiro-serie-a/scorerliste/wettbewerb/BRA1/saison_id/2024/altersklasse/alle/plus/1
Guilherme,Left Winger,Santos FC,Brazil,30,32,5,18,4,7,11,2024,https://www.transfermarkt.com/campeonato-brasileiro-serie-a/scorerliste/wettbewerb/BRA1/saison_id/2024/altersklasse/alle/plus/1
Álvaro Barreal,Left Winger,Santos FC,Argentina,25,34,6,26,9,1,10,2024,https://www.transfermarkt.com/campeonato-brasileiro-serie-a/scorerliste/wettbewerb/BRA1/saison_id/2024/altersklasse/alle/plus/1
Kevin Viveros,Centre-Forward,Club Athletico Paranaense,Colombia,26,26,0,7,18,3,21,2025,https://www.transfermarkt.com/campeonato-brasileiro-serie-a/scorerliste/wettbewerb/BRA1/saison_id/2025/altersklasse/alle/plus/1
Pedro,Centre-Forward,CR Flamengo,Brazil,29,28,1,21,16,5,21,2025,https://www.transfermarkt.com/campeonato-brasileiro-serie-a/scorerliste/wettbewerb/BRA1/saison_id/2025/altersklasse/alle/plus/1
Samuel Lino,Left Winger,CR Flamengo,Brazil,26,27,5,15,9,7,16,2025,https://www.transfermarkt.com/campeonato-brasileiro-serie-a/scorerliste/wettbewerb/BRA1/saison_id/2025/altersklasse/alle/plus/1
Gabriel Barbosa,Centre-Forward,Santos FC,Brazil,30,19,3,10,11,3,14,2025,https://www.transfermarkt.com/campeonato-brasileiro-serie-a/scorerliste/wettbewerb/BRA1/saison_id/2025/altersklasse/alle/plus/1
Matheus Pereira,Attacking Midfield,Cruzeiro Esporte Clube,Brazil,30,25,2,4,9,4,13,2025,https://www.transfermarkt.com/campeonato-brasileiro-serie-a/scorerliste/wettbewerb/BRA1/saison_id/2025/altersklasse/alle/plus/1
José Manuel López,Centre-Forward,Sociedade Esportiva Palmeiras,Argentina,25,25,2,12,8,4,12,2025,https://www.transfermarkt.com/campeonato-brasileiro-serie-a/scorerliste/wettbewerb/BRA1/saison_id/2025/altersklasse/alle/plus/1
Jorge Carrascal,Attacking Midfield,CR Flamengo,Colombia,28,22,9,10,5,7,12,2025,https://www.transfermarkt.com/campeonato-brasileiro-serie-a/scorerliste/wettbewerb/BRA1/saison_id/2025/altersklasse/alle/plus/1
Josué,Attacking Midfield,Coritiba Foot Ball Club,Portugal,36,25,2,11,1,11,12,2025,https://www.transfermarkt.com/campeonato-brasileiro-serie-a/scorerliste/wettbewerb/BRA1/saison_id/2025/altersklasse/alle/plus/1
Carlos Vinícius,Centre-Forward,Grêmio Foot-Ball Porto Alegrense,Brazil,31,27,2,13,10,1,11,2025,https://www.transfermarkt.com/campeonato-brasileiro-serie-a/scorerliste/wettbewerb/BRA1/saison_id/2025/altersklasse/alle/plus/1
Danilo,Central Midfield,Botafogo de Futebol e Regatas,Brazil,25,21,1,4,9,2,11,2025,https://www.transfermarkt.com/campeonato-brasileiro-serie-a/scorerliste/wettbewerb/BRA1/saison_id/2025/altersklasse/alle/plus/1
Hulk,Centre-Forward,,Brazil,40,21,2,14,7,4,11,2025,https://www.transfermarkt.com/campeonato-brasileiro-serie-a/scorerliste/wettbewerb/BRA1/saison_id/2025/altersklasse/alle/plus/1
Johan Carbonero,Left Winger,Sport Club Internacional,Colombia,27,27,5,19,7,4,11,2025,https://www.transfermarkt.com/campeonato-brasileiro-serie-a/scorerliste/wettbewerb/BRA1/saison_id/2025/altersklasse/alle/plus/1
Andreas Pereira,Central Midfield,Sociedade Esportiva Palmeiras,Brazil,30,27,0,15,1,10,11,2025,https://www.transfermarkt.com/campeonato-brasileiro-serie-a/scorerliste/wettbewerb/BRA1/saison_id/2025/altersklasse/alle/plus/1
Luciano Juba,Left-Back,Esporte Clube Bahia,Brazil,27,24,1,4,9,1,10,2025,https://www.transfermarkt.com/campeonato-brasileiro-serie-a/scorerliste/wettbewerb/BRA1/saison_id/2025/altersklasse/alle/plus/1
John Kennedy,Centre-Forward,Fluminense Football Club,Brazil,24,18,5,10,9,1,10,2025,https://www.transfermarkt.com/campeonato-brasileiro-serie-a/scorerliste/wettbewerb/BRA1/saison_id/2025/altersklasse/alle/plus/1
Renê,Left Winger,Esporte Clube Vitória,Brazil,22,21,5,12,9,1,10,2025,https://www.transfermarkt.com/campeonato-brasileiro-serie-a/scorerliste/wettbewerb/BRA1/saison_id/2025/altersklasse/alle/plus/1
Luciano,Centre-Forward,São Paulo Futebol Clube,Brazil,33,22,2,16,8,2,10,2025,https://www.transfermarkt.com/campeonato-brasileiro-serie-a/scorerliste/wettbewerb/BRA1/saison_id/2025/altersklasse/alle/plus/1
Breno Lopes,Left Winger,Coritiba Foot Ball Club,Brazil,30,24,3,13,8,2,10,2025,https://www.transfermarkt.com/campeonato-brasileiro-serie-a/scorerliste/wettbewerb/BRA1/saison_id/2025/altersklasse/alle/plus/1
Jonathan Calleri,Centre-Forward,São Paulo Futebol Clube,Argentina,32,23,2,8,8,1,9,2025,https://www.transfermarkt.com/campeonato-brasileiro-serie-a/scorerliste/wettbewerb/BRA1/saison_id/2025/altersklasse/alle/plus/1
Pedro Rocha,Centre-Forward,Coritiba Foot Ball Club,Brazil,31,27,0,18,8,1,9,2025,https://www.transfermarkt.com/campeonato-brasileiro-serie-a/scorerliste/wettbewerb/BRA1/saison_id/2025/altersklasse/alle/plus/1
Neymar,Attacking Midfield,Santos FC,Brazil,34,12,0,3,6,3,9,2025,https://www.transfermarkt.com/campeonato-brasileiro-serie-a/scorerliste/wettbewerb/BRA1/saison_id/2025/altersklasse/alle/plus/1
Luciano Acosta,Attacking Midfield,Fluminense Football Club,Argentina,32,23,5,15,4,5,9,2025,https://www.transfermarkt.com/campeonato-brasileiro-serie-a/scorerliste/wettbewerb/BRA1/saison_id/2025/altersklasse/alle/plus/1
Igor Formiga,Right-Back,Mirassol Futebol Clube (SP),Brazil,27,25,2,5,4,5,9,2025,https://www.transfermarkt.com/campeonato-brasileiro-serie-a/scorerliste/wettbewerb/BRA1/saison_id/2025/altersklasse/alle/plus/1
Rodrigo Garro,Attacking Midfield,Sport Club Corinthians Paulista,Argentina,28,26,6,14,3,6,9,2025,https://www.transfermarkt.com/campeonato-brasileiro-serie-a/scorerliste/wettbewerb/BRA1/saison_id/2025/altersklasse/alle/plus/1
Arthur Cabral,Centre-Forward,Botafogo de Futebol e Regatas,Brazil,28,23,0,13,7,1,8,2025,https://www.transfermarkt.com/campeonato-brasileiro-serie-a/scorerliste/wettbewerb/BRA1/saison_id/2025/altersklasse/alle/plus/1
